Season 2026: 4262 individual results to check.
  [1/115] 60m men (outdoor, 60-metres): 58 athletes / 58 races
    national (has.hr-derived): 58/58 races ranked
      cro/senior page 1 (fetch): 58/58 unresolved
      cro/senior page 2 (fetch): 56/58 unresolved
      cro/u20 page 1 (fetch): 58/58 unresolved
      cro/u20 page 2 (fetch): 56/58 unresolved
      cro/u18 page 1 (fetch): 58/58 unresolved
      cro/u18 page 2 (fetch): 56/58 unresolved
    presence gate (WA cro list): 2/58 athletes recognized
      world/senior page 1 (fetch): 4/4 unresolved
      world/senior page 5 (fetch): 4/4 unresolved
      world/senior page 10 (fetch): 4/4 unresolved
      world/senior page 15 (fetch): 4/4 unresolved
      world/senior page 20 (fetch): 4/4 unresolved
      world/senior page 25 (fetch): 4/4 unresolved
      world/senior page 30 (fetch): 4/4 unresolved
      world/senior page 35 (fetch): 4/4 unresolved
      world/senior page 40 (fetch): 4/4 unresolved
      world/senior page 45 (fetch): 4/4 unresolved
      world/senior page 50 (fetch): 4/4 unresolved
      world/senior page 55 (fetch): 4/4 unresolved
      world/senior page 60 (fetch): 4/4 unresolved
      world/senior page 65 (fetch): 4/4 unresolved
      world/senior page 70 (fetch): 4/4 unresolved
      world/senior page 75 (fetch): 4/4 unresolved
      world/senior page 80 (fetch): 4/4 unresolved
      world/senior page 85 (fetch): 4/4 unresolved
      world/senior page 90 (fetch): 4/4 unresolved
      world/senior page 95 (fetch): 4/4 unresolved
      world/senior page 100 (fetch): 4/4 unresolved
      world/senior page 105 (fetch): 2/4 unresolved
      world/senior page 110 (fetch): 2/4 unresolved
      world/u20 page 1 (fetch): 2/2 unresolved
      world/u20 page 5 (fetch): 2/2 unresolved
      world/u20 page 10 (fetch): 2/2 unresolved
      world/u20 page 15 (fetch): 2/2 unresolved
      world/u20 page 20 (fetch): 2/2 unresolved
      world/u20 page 25 (fetch): 2/2 unresolved
      world/u20 page 30 (fetch): 1/2 unresolved
      world/u20 page 35 (fetch): 1/2 unresolved
      world/u18 page 1 (fetch): 2/2 unresolved
      world/u18 page 5 (fetch): 2/2 unresolved
      world/u18 page 10 (fetch): 2/2 unresolved
    world: resolved 2/2 races
      europe/senior page 1 (fetch): 4/4 unresolved
      europe/senior page 5 (fetch): 4/4 unresolved
      europe/senior page 10 (fetch): 4/4 unresolved
      europe/senior page 15 (fetch): 4/4 unresolved
      europe/senior page 20 (fetch): 4/4 unresolved
      europe/senior page 25 (fetch): 4/4 unresolved
      europe/senior page 30 (fetch): 4/4 unresolved
      europe/senior page 35 (fetch): 4/4 unresolved
      europe/senior page 40 (fetch): 4/4 unresolved
      europe/senior page 45 (fetch): 4/4 unresolved
      europe/senior page 50 (fetch): 2/4 unresolved
      europe/senior page 55 (fetch): 2/4 unresolved
      europe/u20 page 1 (fetch): 2/2 unresolved
      europe/u20 page 5 (fetch): 2/2 unresolved
      europe/u20 page 10 (fetch): 2/2 unresolved
      europe/u20 page 15 (fetch): 2/2 unresolved
      europe/u20 page 20 (fetch): 1/2 unresolved
      europe/u18 page 1 (fetch): 2/2 unresolved
      europe/u18 page 5 (fetch): 2/2 unresolved
      europe/u18 page 10 (fetch): 1/2 unresolved
    europe: resolved 2/2 races
  [2/115] 100m men (outdoor, 100-metres): 125 athletes / 125 races
    national (has.hr-derived): 125/125 races ranked
      cro/senior page 1 (fetch): 125/125 unresolved
      cro/senior page 2 (fetch): 93/125 unresolved
      cro/u20 page 1 (fetch): 98/98 unresolved
      cro/u20 page 2 (fetch): 81/98 unresolved
      cro/u18 page 1 (fetch): 81/81 unresolved
      cro/u18 page 2 (fetch): 76/81 unresolved
    presence gate (WA cro list): 30/125 athletes recognized
      world/senior page 1 (fetch): 53/53 unresolved
      world/senior page 5 (fetch): 53/53 unresolved
      world/senior page 10 (fetch): 53/53 unresolved
      world/senior page 15 (fetch): 53/53 unresolved
      world/senior page 20 (fetch): 51/53 unresolved
      world/senior page 25 (fetch): 51/53 unresolved
      world/senior page 30 (fetch): 51/53 unresolved
      world/senior page 35 (fetch): 48/53 unresolved
      world/senior page 40 (fetch): 46/53 unresolved
      world/senior page 45 (fetch): 46/53 unresolved
      world/senior page 50 (fetch): 46/53 unresolved
      world/senior page 55 (fetch): 46/53 unresolved
      world/senior page 60 (fetch): 46/53 unresolved
      world/senior page 65 (fetch): 46/53 unresolved
      world/senior page 70 (fetch): 44/53 unresolved
      world/senior page 75 (fetch): 42/53 unresolved
      world/senior page 80 (fetch): 42/53 unresolved
      world/senior page 85 (fetch): 41/53 unresolved
      world/senior page 90 (fetch): 39/53 unresolved
      world/senior page 95 (fetch): 36/53 unresolved
      world/senior page 100 (fetch): 36/53 unresolved
      world/senior page 105 (fetch): 36/53 unresolved
      world/senior page 110 (fetch): 36/53 unresolved
      world/senior page 115 (fetch): 36/53 unresolved
      world/senior page 120 (fetch): 32/53 unresolved
      world/senior page 125 (fetch): 30/53 unresolved
      world/senior page 130 (fetch): 30/53 unresolved
      world/senior page 135 (fetch): 26/53 unresolved
      world/senior page 140 (fetch): 26/53 unresolved
      world/senior page 145 (fetch): 26/53 unresolved
      world/senior page 150 (fetch): 26/53 unresolved
      world/senior page 155 (fetch): 24/53 unresolved
      world/senior page 160 (fetch): 24/53 unresolved
      world/senior page 165 (fetch): 24/53 unresolved
      world/senior page 170 (fetch): 22/53 unresolved
      world/senior page 175 (fetch): 22/53 unresolved
      world/senior page 180 (fetch): 18/53 unresolved
      world/senior page 185 (fetch): 18/53 unresolved
      world/senior page 190 (fetch): 18/53 unresolved
      world/senior page 195 (fetch): 18/53 unresolved
      world/senior page 200 (fetch): 11/53 unresolved
      world/senior page 205 (fetch): 9/53 unresolved
      world/senior page 210 (fetch): 5/53 unresolved
      world/senior page 215 (fetch): 2/53 unresolved
      world/u20 page 1 (fetch): 17/17 unresolved
      world/u20 page 5 (fetch): 17/17 unresolved
      world/u20 page 10 (fetch): 16/17 unresolved
      world/u20 page 15 (fetch): 16/17 unresolved
      world/u20 page 20 (fetch): 14/17 unresolved
      world/u20 page 25 (fetch): 13/17 unresolved
      world/u20 page 30 (fetch): 13/17 unresolved
      world/u20 page 35 (fetch): 11/17 unresolved
      world/u20 page 40 (fetch): 10/17 unresolved
      world/u20 page 45 (fetch): 10/17 unresolved
      world/u20 page 50 (fetch): 10/17 unresolved
      world/u20 page 55 (fetch): 9/17 unresolved
      world/u20 page 60 (fetch): 7/17 unresolved
      world/u20 page 65 (fetch): 7/17 unresolved
      world/u20 page 70 (fetch): 4/17 unresolved
      world/u20 page 75 (fetch): 2/17 unresolved
      world/u20 page 78 (fetch): 1/17 unresolved
      world/u18 page 1 (fetch): 6/6 unresolved
      world/u18 page 5 (fetch): 6/6 unresolved
      world/u18 page 10 (fetch): 5/6 unresolved
      world/u18 page 15 (fetch): 5/6 unresolved
      world/u18 page 20 (fetch): 5/6 unresolved
      world/u18 page 25 (fetch): 3/6 unresolved
      world/u18 page 30 (fetch): 1/6 unresolved
      world/u18 page 32 (fetch): 1/6 unresolved
    world: resolved 29/30 races
      europe/senior page 1 (fetch): 53/53 unresolved
      europe/senior page 5 (fetch): 51/53 unresolved
      europe/senior page 10 (fetch): 46/53 unresolved
      europe/senior page 15 (fetch): 46/53 unresolved
      europe/senior page 20 (fetch): 42/53 unresolved
      europe/senior page 25 (fetch): 36/53 unresolved
      europe/senior page 30 (fetch): 36/53 unresolved
      europe/senior page 35 (fetch): 30/53 unresolved
      europe/senior page 40 (fetch): 26/53 unresolved
      europe/senior page 45 (fetch): 24/53 unresolved
      europe/senior page 50 (fetch): 22/53 unresolved
      europe/senior page 55 (fetch): 18/53 unresolved
      europe/senior page 60 (fetch): 18/53 unresolved
      europe/senior page 65 (fetch): 9/53 unresolved
      europe/senior page 69 (fetch): 2/53 unresolved
      europe/u20 page 1 (fetch): 17/17 unresolved
      europe/u20 page 5 (fetch): 16/17 unresolved
      europe/u20 page 10 (fetch): 13/17 unresolved
      europe/u20 page 15 (fetch): 10/17 unresolved
      europe/u20 page 20 (fetch): 9/17 unresolved
      europe/u20 page 25 (fetch): 6/17 unresolved
      europe/u20 page 30 (fetch): 1/17 unresolved
      europe/u18 page 1 (fetch): 6/6 unresolved
      europe/u18 page 5 (fetch): 5/6 unresolved
      europe/u18 page 10 (fetch): 3/6 unresolved
      europe/u18 page 13 (fetch): 1/6 unresolved
    europe: resolved 29/30 races
  [3/115] 200m men (outdoor, 200-metres): 110 athletes / 110 races
    national (has.hr-derived): 110/110 races ranked
      cro/senior page 1 (fetch): 110/110 unresolved
      cro/senior page 2 (fetch): 87/110 unresolved
      cro/u20 page 1 (fetch): 93/93 unresolved
      cro/u20 page 2 (fetch): 78/93 unresolved
      cro/u18 page 1 (fetch): 77/77 unresolved
      cro/u18 page 2 (fetch): 71/77 unresolved
    presence gate (WA cro list): 25/110 athletes recognized
      world/senior page 1 (fetch): 45/45 unresolved
      world/senior page 5 (fetch): 45/45 unresolved
      world/senior page 10 (fetch): 45/45 unresolved
      world/senior page 15 (fetch): 43/45 unresolved
      world/senior page 20 (fetch): 40/45 unresolved
      world/senior page 25 (fetch): 40/45 unresolved
      world/senior page 30 (fetch): 38/45 unresolved
      world/senior page 35 (fetch): 38/45 unresolved
      world/senior page 40 (fetch): 38/45 unresolved
      world/senior page 45 (fetch): 38/45 unresolved
      world/senior page 50 (fetch): 38/45 unresolved
      world/senior page 55 (fetch): 36/45 unresolved
      world/senior page 60 (fetch): 36/45 unresolved
      world/senior page 65 (fetch): 34/45 unresolved
      world/senior page 70 (fetch): 34/45 unresolved
      world/senior page 75 (fetch): 32/45 unresolved
      world/senior page 80 (fetch): 29/45 unresolved
      world/senior page 85 (fetch): 29/45 unresolved
      world/senior page 90 (fetch): 25/45 unresolved
      world/senior page 95 (fetch): 23/45 unresolved
      world/senior page 100 (fetch): 23/45 unresolved
      world/senior page 105 (fetch): 21/45 unresolved
      world/senior page 110 (fetch): 21/45 unresolved
      world/senior page 115 (fetch): 19/45 unresolved
      world/senior page 120 (fetch): 19/45 unresolved
      world/senior page 125 (fetch): 16/45 unresolved
      world/senior page 130 (fetch): 16/45 unresolved
      world/senior page 135 (fetch): 16/45 unresolved
      world/senior page 140 (fetch): 16/45 unresolved
      world/senior page 145 (fetch): 11/45 unresolved
      world/senior page 150 (fetch): 11/45 unresolved
      world/senior page 155 (fetch): 9/45 unresolved
      world/senior page 160 (fetch): 9/45 unresolved
      world/senior page 165 (fetch): 9/45 unresolved
      world/senior page 170 (fetch): 9/45 unresolved
      world/senior page 175 (fetch): 9/45 unresolved
      world/senior page 180 (fetch): 5/45 unresolved
      world/senior page 182 (fetch): 5/45 unresolved
      world/u20 page 1 (fetch): 16/16 unresolved
      world/u20 page 5 (fetch): 15/16 unresolved
      world/u20 page 10 (fetch): 15/16 unresolved
      world/u20 page 15 (fetch): 14/16 unresolved
      world/u20 page 20 (fetch): 11/16 unresolved
      world/u20 page 25 (fetch): 9/16 unresolved
      world/u20 page 30 (fetch): 8/16 unresolved
      world/u20 page 35 (fetch): 7/16 unresolved
      world/u20 page 40 (fetch): 6/16 unresolved
      world/u20 page 45 (fetch): 5/16 unresolved
      world/u20 page 50 (fetch): 4/16 unresolved
      world/u20 page 55 (fetch): 3/16 unresolved
      world/u20 page 60 (fetch): 3/16 unresolved
      world/u20 page 64 (fetch): 1/16 unresolved
      world/u18 page 1 (fetch): 6/6 unresolved
      world/u18 page 5 (fetch): 6/6 unresolved
      world/u18 page 10 (fetch): 4/6 unresolved
      world/u18 page 15 (fetch): 3/6 unresolved
      world/u18 page 20 (fetch): 2/6 unresolved
    world: resolved 22/25 races
      europe/senior page 1 (fetch): 45/45 unresolved
      europe/senior page 5 (fetch): 40/45 unresolved
      europe/senior page 10 (fetch): 38/45 unresolved
      europe/senior page 15 (fetch): 36/45 unresolved
      europe/senior page 20 (fetch): 31/45 unresolved
      europe/senior page 25 (fetch): 23/45 unresolved
      europe/senior page 30 (fetch): 21/45 unresolved
      europe/senior page 35 (fetch): 16/45 unresolved
      europe/senior page 40 (fetch): 16/45 unresolved
      europe/senior page 45 (fetch): 11/45 unresolved
      europe/senior page 50 (fetch): 9/45 unresolved
      europe/senior page 55 (fetch): 9/45 unresolved
      europe/senior page 57 (fetch): 5/45 unresolved
      europe/u20 page 1 (fetch): 16/16 unresolved
      europe/u20 page 5 (fetch): 14/16 unresolved
      europe/u20 page 10 (fetch): 8/16 unresolved
      europe/u20 page 15 (fetch): 6/16 unresolved
      europe/u20 page 20 (fetch): 3/16 unresolved
      europe/u20 page 25 (fetch): 1/16 unresolved
      europe/u18 page 1 (fetch): 6/6 unresolved
      europe/u18 page 5 (fetch): 4/6 unresolved
      europe/u18 page 10 (fetch): 1/6 unresolved
    europe: resolved 22/25 races
  [4/115] 300m men (outdoor, 300-metres): 86 athletes / 86 races
    national (has.hr-derived): 86/86 races ranked
      cro/senior page 1 (fetch): 86/86 unresolved
      cro/senior page 2 (fetch): 75/86 unresolved
      cro/u20 page 1 (fetch): 80/80 unresolved
      cro/u20 page 2 (fetch): 72/80 unresolved
      cro/u18 page 1 (fetch): 70/70 unresolved
      cro/u18 page 2 (fetch): 66/70 unresolved
    presence gate (WA cro list): 10/86 athletes recognized
      world/senior page 1 (fetch): 18/18 unresolved
      world/senior page 5 (fetch): 16/18 unresolved
      world/senior page 10 (fetch): 14/18 unresolved
      world/senior page 15 (fetch): 6/18 unresolved
      world/senior page 19 (fetch): 4/18 unresolved
      world/u20 page 1 (fetch): 7/7 unresolved
      world/u20 page 5 (fetch): 3/7 unresolved
      world/u20 page 8 (fetch): 2/7 unresolved
      world/u18 page 1 (fetch): 2/2 unresolved
    world: resolved 8/10 races
      europe/senior page 1 (fetch): 18/18 unresolved
      europe/senior page 5 (fetch): 14/18 unresolved
      europe/senior page 9 (fetch): 4/18 unresolved
      europe/u20 page 1 (fetch): 7/7 unresolved
      europe/u20 page 5 (fetch): 2/7 unresolved
      europe/u18 page 1 (fetch): 2/2 unresolved
    europe: resolved 8/10 races
  [5/115] 400m men (outdoor, 400-metres): 69 athletes / 69 races
    national (has.hr-derived): 69/69 races ranked
      cro/senior page 1 (fetch): 69/69 unresolved
      cro/senior page 2 (fetch): 46/69 unresolved
      cro/u20 page 1 (fetch): 51/51 unresolved
      cro/u20 page 2 (fetch): 37/51 unresolved
      cro/u18 page 1 (fetch): 38/38 unresolved
      cro/u18 page 2 (fetch): 34/38 unresolved
    presence gate (WA cro list): 24/69 athletes recognized
      world/senior page 1 (fetch): 45/45 unresolved
      world/senior page 5 (fetch): 45/45 unresolved
      world/senior page 10 (fetch): 43/45 unresolved
      world/senior page 15 (fetch): 43/45 unresolved
      world/senior page 20 (fetch): 39/45 unresolved
      world/senior page 25 (fetch): 39/45 unresolved
      world/senior page 30 (fetch): 39/45 unresolved
      world/senior page 35 (fetch): 39/45 unresolved
      world/senior page 40 (fetch): 38/45 unresolved
      world/senior page 45 (fetch): 34/45 unresolved
      world/senior page 50 (fetch): 32/45 unresolved
      world/senior page 55 (fetch): 32/45 unresolved
      world/senior page 60 (fetch): 32/45 unresolved
      world/senior page 65 (fetch): 30/45 unresolved
      world/senior page 70 (fetch): 28/45 unresolved
      world/senior page 75 (fetch): 26/45 unresolved
      world/senior page 80 (fetch): 24/45 unresolved
      world/senior page 85 (fetch): 23/45 unresolved
      world/senior page 90 (fetch): 23/45 unresolved
      world/senior page 95 (fetch): 19/45 unresolved
      world/senior page 100 (fetch): 18/45 unresolved
      world/senior page 105 (fetch): 18/45 unresolved
      world/senior page 110 (fetch): 16/45 unresolved
      world/senior page 115 (fetch): 14/45 unresolved
      world/senior page 120 (fetch): 12/45 unresolved
      world/senior page 125 (fetch): 12/45 unresolved
      world/senior page 130 (fetch): 10/45 unresolved
      world/senior page 135 (fetch): 6/45 unresolved
      world/senior page 140 (fetch): 6/45 unresolved
      world/senior page 145 (fetch): 4/45 unresolved
      world/senior page 150 (fetch): 4/45 unresolved
      world/senior page 152 (fetch): 4/45 unresolved
      world/u20 page 1 (fetch): 16/16 unresolved
      world/u20 page 5 (fetch): 14/16 unresolved
      world/u20 page 10 (fetch): 12/16 unresolved
      world/u20 page 15 (fetch): 11/16 unresolved
      world/u20 page 20 (fetch): 9/16 unresolved
      world/u20 page 25 (fetch): 8/16 unresolved
      world/u20 page 30 (fetch): 7/16 unresolved
      world/u20 page 35 (fetch): 5/16 unresolved
      world/u20 page 40 (fetch): 4/16 unresolved
      world/u20 page 45 (fetch): 3/16 unresolved
      world/u20 page 50 (fetch): 2/16 unresolved
      world/u20 page 53 (fetch): 2/16 unresolved
      world/u18 page 1 (fetch): 5/5 unresolved
      world/u18 page 5 (fetch): 5/5 unresolved
      world/u18 page 10 (fetch): 3/5 unresolved
      world/u18 page 15 (fetch): 1/5 unresolved
      world/u18 page 20 (fetch): 1/5 unresolved
    world: resolved 22/24 races
      europe/senior page 1 (fetch): 45/45 unresolved
      europe/senior page 5 (fetch): 41/45 unresolved
      europe/senior page 10 (fetch): 38/45 unresolved
      europe/senior page 15 (fetch): 32/45 unresolved
      europe/senior page 20 (fetch): 28/45 unresolved
      europe/senior page 25 (fetch): 23/45 unresolved
      europe/senior page 30 (fetch): 18/45 unresolved
      europe/senior page 35 (fetch): 14/45 unresolved
      europe/senior page 40 (fetch): 10/45 unresolved
      europe/senior page 45 (fetch): 4/45 unresolved
      europe/senior page 49 (fetch): 4/45 unresolved
      europe/u20 page 1 (fetch): 16/16 unresolved
      europe/u20 page 5 (fetch): 11/16 unresolved
      europe/u20 page 10 (fetch): 7/16 unresolved
      europe/u20 page 15 (fetch): 4/16 unresolved
      europe/u20 page 20 (fetch): 2/16 unresolved
      europe/u18 page 1 (fetch): 5/5 unresolved
      europe/u18 page 5 (fetch): 1/5 unresolved
      europe/u18 page 8 (fetch): 1/5 unresolved
    europe: resolved 22/24 races
  [6/115] 600m men (outdoor, 600-metres): 58 athletes / 58 races
    national (has.hr-derived): 58/58 races ranked
      cro/senior page 1 (fetch): 58/58 unresolved
      cro/senior page 2 (fetch): 54/58 unresolved
      cro/u20 page 1 (fetch): 55/55 unresolved
      cro/u20 page 2 (fetch): 52/55 unresolved
      cro/u18 page 1 (fetch): 52/52 unresolved
      cro/u18 page 2 (fetch): 50/52 unresolved
    presence gate (WA cro list): 4/58 athletes recognized
      world/senior page 1 (fetch): 7/7 unresolved
      world/senior page 5 (fetch): 6/7 unresolved
      world/u20 page 1 (fetch): 3/3 unresolved
      world/u18 page 1 (fetch): 2/2 unresolved
    world: resolved 4/4 races
      europe/senior page 1 (fetch): 7/7 unresolved
      europe/u20 page 1 (fetch): 3/3 unresolved
      europe/u18 page 1 (fetch): 2/2 unresolved
    europe: resolved 4/4 races
  [7/115] 800m men (outdoor, 800-metres): 72 athletes / 72 races
    national (has.hr-derived): 72/72 races ranked
      cro/senior page 1 (fetch): 72/72 unresolved
      cro/senior page 2 (fetch): 57/72 unresolved
      cro/u20 page 1 (fetch): 57/57 unresolved
      cro/u20 page 2 (fetch): 50/57 unresolved
      cro/u18 page 1 (fetch): 47/47 unresolved
      cro/u18 page 2 (fetch): 43/47 unresolved
    presence gate (WA cro list): 15/72 athletes recognized
      world/senior page 1 (fetch): 26/26 unresolved
      world/senior page 5 (fetch): 25/26 unresolved
      world/senior page 10 (fetch): 24/26 unresolved
      world/senior page 15 (fetch): 24/26 unresolved
      world/senior page 20 (fetch): 24/26 unresolved
      world/senior page 25 (fetch): 20/26 unresolved
      world/senior page 30 (fetch): 18/26 unresolved
      world/senior page 35 (fetch): 18/26 unresolved
      world/senior page 40 (fetch): 18/26 unresolved
      world/senior page 45 (fetch): 16/26 unresolved
      world/senior page 50 (fetch): 16/26 unresolved
      world/senior page 55 (fetch): 14/26 unresolved
      world/senior page 60 (fetch): 12/26 unresolved
      world/senior page 65 (fetch): 12/26 unresolved
      world/senior page 70 (fetch): 10/26 unresolved
      world/senior page 75 (fetch): 6/26 unresolved
      world/senior page 80 (fetch): 6/26 unresolved
      world/senior page 85 (fetch): 6/26 unresolved
      world/senior page 90 (fetch): 6/26 unresolved
      world/senior page 95 (fetch): 6/26 unresolved
      world/senior page 100 (fetch): 6/26 unresolved
      world/senior page 105 (fetch): 6/26 unresolved
      world/senior page 110 (fetch): 6/26 unresolved
      world/senior page 115 (fetch): 6/26 unresolved
      world/senior page 120 (fetch): 6/26 unresolved
      world/senior page 125 (fetch): 6/26 unresolved
      world/senior page 130 (fetch): 6/26 unresolved
      world/senior page 133 (fetch): 6/26 unresolved
      world/u20 page 1 (fetch): 9/9 unresolved
      world/u20 page 5 (fetch): 9/9 unresolved
      world/u20 page 10 (fetch): 7/9 unresolved
      world/u20 page 15 (fetch): 6/9 unresolved
      world/u20 page 20 (fetch): 3/9 unresolved
      world/u20 page 25 (fetch): 3/9 unresolved
      world/u20 page 30 (fetch): 3/9 unresolved
      world/u20 page 35 (fetch): 3/9 unresolved
      world/u20 page 40 (fetch): 3/9 unresolved
      world/u20 page 43 (fetch): 3/9 unresolved
      world/u18 page 1 (fetch): 5/5 unresolved
      world/u18 page 5 (fetch): 4/5 unresolved
      world/u18 page 10 (fetch): 1/5 unresolved
      world/u18 page 15 (fetch): 1/5 unresolved
      world/u18 page 17 (fetch): 1/5 unresolved
    world: resolved 12/15 races
      europe/senior page 1 (fetch): 26/26 unresolved
      europe/senior page 5 (fetch): 24/26 unresolved
      europe/senior page 10 (fetch): 20/26 unresolved
      europe/senior page 15 (fetch): 18/26 unresolved
      europe/senior page 20 (fetch): 14/26 unresolved
      europe/senior page 25 (fetch): 10/26 unresolved
      europe/senior page 30 (fetch): 6/26 unresolved
      europe/senior page 35 (fetch): 6/26 unresolved
      europe/senior page 40 (fetch): 6/26 unresolved
      europe/senior page 45 (fetch): 6/26 unresolved
      europe/senior page 50 (fetch): 6/26 unresolved
      europe/u20 page 1 (fetch): 9/9 unresolved
      europe/u20 page 5 (fetch): 7/9 unresolved
      europe/u20 page 10 (fetch): 3/9 unresolved
      europe/u20 page 15 (fetch): 3/9 unresolved
      europe/u20 page 20 (fetch): 3/9 unresolved
      europe/u18 page 1 (fetch): 5/5 unresolved
      europe/u18 page 5 (fetch): 1/5 unresolved
      europe/u18 page 9 (fetch): 1/5 unresolved
    europe: resolved 12/15 races
  [8/115] 1000m men (outdoor, 1000-metres): 59 athletes / 59 races
    national (has.hr-derived): 59/59 races ranked
      cro/senior page 1 (fetch): 59/59 unresolved
      cro/senior page 2 (fetch): 56/59 unresolved
      cro/u20 page 1 (fetch): 55/55 unresolved
      cro/u20 page 2 (fetch): 54/55 unresolved
      cro/u18 page 1 (fetch): 52/52 unresolved
      cro/u18 page 2 (fetch): 51/52 unresolved
    presence gate (WA cro list): 3/59 athletes recognized
      world/senior page 1 (fetch): 5/5 unresolved
      world/senior page 5 (fetch): 4/5 unresolved
      world/senior page 10 (fetch): 2/5 unresolved
      world/senior page 14 (fetch): 1/5 unresolved
      world/u20 page 1 (fetch): 1/1 unresolved
      world/u18 page 1 (fetch): 1/1 unresolved
    world: resolved 3/3 races
      europe/senior page 1 (fetch): 5/5 unresolved
      europe/senior page 5 (fetch): 2/5 unresolved
      europe/senior page 6 (fetch): 1/5 unresolved
      europe/u20 page 1 (fetch): 1/1 unresolved
      europe/u18 page 1 (fetch): 1/1 unresolved
    europe: resolved 3/3 races
  [9/115] 1500m men (outdoor, 1500-metres): 48 athletes / 48 races
    national (has.hr-derived): 48/48 races ranked
      cro/senior page 1 (fetch): 48/48 unresolved
      cro/senior page 2 (fetch): 38/48 unresolved
      cro/u20 page 1 (fetch): 34/34 unresolved
      cro/u20 page 2 (fetch): 31/34 unresolved
      cro/u18 page 1 (fetch): 24/24 unresolved
      cro/u18 page 2 (fetch): 22/24 unresolved
    presence gate (WA cro list): 8/48 athletes recognized
      world/senior page 1 (fetch): 15/15 unresolved
      world/senior page 5 (fetch): 12/15 unresolved
      world/senior page 10 (fetch): 10/15 unresolved
      world/senior page 15 (fetch): 10/15 unresolved
      world/senior page 20 (fetch): 10/15 unresolved
      world/senior page 25 (fetch): 10/15 unresolved
      world/senior page 30 (fetch): 10/15 unresolved
      world/senior page 35 (fetch): 8/15 unresolved
      world/senior page 40 (fetch): 8/15 unresolved
      world/senior page 45 (fetch): 8/15 unresolved
      world/senior page 50 (fetch): 8/15 unresolved
      world/senior page 55 (fetch): 8/15 unresolved
      world/senior page 60 (fetch): 8/15 unresolved
      world/senior page 65 (fetch): 8/15 unresolved
      world/senior page 70 (fetch): 8/15 unresolved
      world/senior page 75 (fetch): 8/15 unresolved
      world/senior page 80 (fetch): 6/15 unresolved
      world/senior page 85 (fetch): 6/15 unresolved
      world/senior page 90 (fetch): 4/15 unresolved
      world/senior page 95 (fetch): 4/15 unresolved
      world/senior page 100 (fetch): 4/15 unresolved
      world/senior page 105 (fetch): 2/15 unresolved
      world/senior page 110 (fetch): 2/15 unresolved
      world/senior page 115 (fetch): 2/15 unresolved
      world/u20 page 1 (fetch): 3/3 unresolved
      world/u20 page 5 (fetch): 3/3 unresolved
      world/u20 page 10 (fetch): 3/3 unresolved
      world/u20 page 15 (fetch): 3/3 unresolved
      world/u20 page 20 (fetch): 1/3 unresolved
      world/u18 page 1 (fetch): 2/2 unresolved
      world/u18 page 5 (fetch): 1/2 unresolved
    world: resolved 8/8 races
      europe/senior page 1 (fetch): 15/15 unresolved
      europe/senior page 5 (fetch): 10/15 unresolved
      europe/senior page 10 (fetch): 10/15 unresolved
      europe/senior page 15 (fetch): 8/15 unresolved
      europe/senior page 20 (fetch): 8/15 unresolved
      europe/senior page 25 (fetch): 8/15 unresolved
      europe/senior page 30 (fetch): 6/15 unresolved
      europe/senior page 35 (fetch): 4/15 unresolved
      europe/senior page 40 (fetch): 2/15 unresolved
      europe/senior page 45 (fetch): 2/15 unresolved
      europe/u20 page 1 (fetch): 3/3 unresolved
      europe/u20 page 5 (fetch): 3/3 unresolved
      europe/u20 page 10 (fetch): 1/3 unresolved
      europe/u18 page 1 (fetch): 2/2 unresolved
    europe: resolved 8/8 races
  [10/115] 2000m men (outdoor, 2000-metres): 10 athletes / 10 races
    national (has.hr-derived): 10/10 races ranked
      cro/senior page 1 (fetch): 10/10 unresolved
      cro/senior page 2 (fetch): 10/10 unresolved
      cro/u20 page 1 (fetch): 5/5 unresolved
      cro/u20 page 2 (fetch): 5/5 unresolved
      cro/u18 page 1 (fetch): 4/4 unresolved
      cro/u18 page 2 (fetch): 4/4 unresolved
    presence gate (WA cro list): 0/10 athletes recognized
  [11/115] 3000m men (outdoor, 3000-metres): 50 athletes / 50 races
    national (has.hr-derived): 50/50 races ranked
      cro/senior page 1 (fetch): 50/50 unresolved
      cro/senior page 2 (fetch): 43/50 unresolved
      cro/u20 page 1 (fetch): 40/40 unresolved
      cro/u20 page 2 (fetch): 38/40 unresolved
      cro/u18 page 1 (fetch): 33/33 unresolved
      cro/u18 page 2 (fetch): 32/33 unresolved
    presence gate (WA cro list): 9/50 athletes recognized
      world/senior page 1 (fetch): 16/16 unresolved
      world/senior page 5 (fetch): 16/16 unresolved
      world/senior page 10 (fetch): 16/16 unresolved
      world/senior page 15 (fetch): 16/16 unresolved
      world/senior page 20 (fetch): 16/16 unresolved
      world/senior page 25 (fetch): 14/16 unresolved
      world/senior page 30 (fetch): 13/16 unresolved
      world/senior page 35 (fetch): 11/16 unresolved
      world/senior page 40 (fetch): 11/16 unresolved
      world/senior page 45 (fetch): 11/16 unresolved
      world/senior page 50 (fetch): 9/16 unresolved
      world/senior page 55 (fetch): 6/16 unresolved
      world/senior page 60 (fetch): 6/16 unresolved
      world/senior page 65 (fetch): 4/16 unresolved
      world/senior page 69 (fetch): 4/16 unresolved
      world/u20 page 1 (fetch): 4/4 unresolved
      world/u20 page 5 (fetch): 4/4 unresolved
      world/u20 page 10 (fetch): 2/4 unresolved
      world/u20 page 14 (fetch): 2/4 unresolved
      world/u18 page 1 (fetch): 3/3 unresolved
      world/u18 page 5 (fetch): 2/3 unresolved
      world/u18 page 6 (fetch): 2/3 unresolved
    world: resolved 7/9 races
      europe/senior page 1 (fetch): 16/16 unresolved
      europe/senior page 5 (fetch): 16/16 unresolved
      europe/senior page 10 (fetch): 14/16 unresolved
      europe/senior page 15 (fetch): 11/16 unresolved
      europe/senior page 20 (fetch): 11/16 unresolved
      europe/senior page 25 (fetch): 6/16 unresolved
      europe/senior page 30 (fetch): 4/16 unresolved
      europe/senior page 31 (fetch): 4/16 unresolved
      europe/u20 page 1 (fetch): 4/4 unresolved
      europe/u20 page 5 (fetch): 2/4 unresolved
      europe/u20 page 8 (fetch): 2/4 unresolved
      europe/u18 page 1 (fetch): 3/3 unresolved
      europe/u18 page 4 (fetch): 2/3 unresolved
    europe: resolved 7/9 races
  [12/115] 3000 m hodanje men (outdoor, 3000-metres-race-walk): 4 athletes / 4 races
    national (has.hr-derived): 4/4 races ranked
      cro/senior page 1 (fetch): 4/4 unresolved
      cro/senior page 2 (fetch): 4/4 unresolved
      cro/u20 page 1 (fetch): 4/4 unresolved
      cro/u20 page 2 (fetch): 4/4 unresolved
      cro/u18 page 1 (fetch): 4/4 unresolved
      cro/u18 page 2 (fetch): 4/4 unresolved
    presence gate (WA cro list): 0/4 athletes recognized
  [13/115] 5000 m hodanje men (outdoor, 5000-metres-race-walk): 4 athletes / 4 races
    national (has.hr-derived): 4/4 races ranked
      cro/senior page 1 (fetch): 4/4 unresolved
      cro/senior page 2 (fetch): 1/4 unresolved
      cro/u20 page 1 (fetch): 4/4 unresolved
      cro/u20 page 2 (fetch): 1/4 unresolved
      cro/u18 page 1 (fetch): 3/3 unresolved
      cro/u18 page 2 (fetch): 1/3 unresolved
    presence gate (WA cro list): 3/4 athletes recognized
      world/senior page 1 (fetch): 6/6 unresolved
      world/senior page 5 (fetch): 4/6 unresolved
      world/u20 page 1 (fetch): 3/3 unresolved
      world/u18 page 1 (fetch): 2/2 unresolved
    world: resolved 3/3 races
      europe/senior page 1 (fetch): 6/6 unresolved
      europe/u20 page 1 (fetch): 3/3 unresolved
      europe/u18 page 1 (fetch): 2/2 unresolved
    europe: resolved 3/3 races
  [14/115] Dalj men (outdoor, long-jump): 73 athletes / 73 races
    national (has.hr-derived): 73/73 races ranked
      cro/senior page 1 (fetch): 73/73 unresolved
      cro/senior page 2 (fetch): 53/73 unresolved
      cro/u20 page 1 (fetch): 60/60 unresolved
      cro/u20 page 2 (fetch): 47/60 unresolved
      cro/u18 page 1 (fetch): 51/51 unresolved
      cro/u18 page 2 (fetch): 45/51 unresolved
    presence gate (WA cro list): 19/73 athletes recognized
      world/senior page 1 (fetch): 34/34 unresolved
      world/senior page 5 (fetch): 32/34 unresolved
      world/senior page 10 (fetch): 30/34 unresolved
      world/senior page 15 (fetch): 28/34 unresolved
      world/senior page 20 (fetch): 26/34 unresolved
      world/senior page 25 (fetch): 26/34 unresolved
      world/senior page 30 (fetch): 26/34 unresolved
      world/senior page 35 (fetch): 23/34 unresolved
      world/senior page 40 (fetch): 19/34 unresolved
      world/senior page 45 (fetch): 17/34 unresolved
      world/senior page 50 (fetch): 13/34 unresolved
      world/senior page 55 (fetch): 13/34 unresolved
      world/senior page 60 (fetch): 13/34 unresolved
      world/senior page 65 (fetch): 13/34 unresolved
      world/senior page 70 (fetch): 10/34 unresolved
      world/senior page 75 (fetch): 8/34 unresolved
      world/senior page 80 (fetch): 4/34 unresolved
      world/senior page 85 (fetch): 2/34 unresolved
      world/senior page 90 (fetch): 2/34 unresolved
      world/senior page 95 (fetch): 2/34 unresolved
      world/senior page 97 (fetch): 2/34 unresolved
      world/u20 page 1 (fetch): 11/11 unresolved
      world/u20 page 5 (fetch): 10/11 unresolved
      world/u20 page 10 (fetch): 7/11 unresolved
      world/u20 page 15 (fetch): 5/11 unresolved
      world/u20 page 20 (fetch): 5/11 unresolved
      world/u20 page 25 (fetch): 3/11 unresolved
      world/u20 page 30 (fetch): 1/11 unresolved
      world/u18 page 1 (fetch): 5/5 unresolved
      world/u18 page 5 (fetch): 2/5 unresolved
      world/u18 page 10 (fetch): 1/5 unresolved
    world: resolved 18/19 races
      europe/senior page 1 (fetch): 34/34 unresolved
      europe/senior page 5 (fetch): 28/34 unresolved
      europe/senior page 10 (fetch): 26/34 unresolved
      europe/senior page 15 (fetch): 17/34 unresolved
      europe/senior page 20 (fetch): 13/34 unresolved
      europe/senior page 25 (fetch): 10/34 unresolved
      europe/senior page 30 (fetch): 4/34 unresolved
      europe/senior page 35 (fetch): 2/34 unresolved
      europe/senior page 37 (fetch): 2/34 unresolved
      europe/u20 page 1 (fetch): 11/11 unresolved
      europe/u20 page 5 (fetch): 7/11 unresolved
      europe/u20 page 10 (fetch): 5/11 unresolved
      europe/u18 page 1 (fetch): 5/5 unresolved
      europe/u18 page 5 (fetch): 1/5 unresolved
    europe: resolved 18/19 races
  [15/115] Vis men (outdoor, high-jump): 84 athletes / 84 races
    national (has.hr-derived): 84/84 races ranked
      cro/senior page 1 (fetch): 84/84 unresolved
      cro/senior page 2 (fetch): 74/84 unresolved
      cro/u20 page 1 (fetch): 76/76 unresolved
      cro/u20 page 2 (fetch): 71/76 unresolved
      cro/u18 page 1 (fetch): 69/69 unresolved
      cro/u18 page 2 (fetch): 68/69 unresolved
    presence gate (WA cro list): 12/84 athletes recognized
      world/senior page 1 (fetch): 23/23 unresolved
      world/senior page 5 (fetch): 23/23 unresolved
      world/senior page 10 (fetch): 23/23 unresolved
      world/senior page 15 (fetch): 23/23 unresolved
      world/senior page 20 (fetch): 23/23 unresolved
      world/senior page 25 (fetch): 19/23 unresolved
      world/senior page 30 (fetch): 15/23 unresolved
      world/senior page 35 (fetch): 12/23 unresolved
      world/senior page 40 (fetch): 10/23 unresolved
      world/senior page 45 (fetch): 8/23 unresolved
      world/senior page 50 (fetch): 8/23 unresolved
      world/senior page 55 (fetch): 6/23 unresolved
      world/senior page 58 (fetch): 6/23 unresolved
      world/u20 page 1 (fetch): 8/8 unresolved
      world/u20 page 5 (fetch): 8/8 unresolved
      world/u20 page 10 (fetch): 7/8 unresolved
      world/u20 page 15 (fetch): 5/8 unresolved
      world/u20 page 20 (fetch): 3/8 unresolved
      world/u20 page 23 (fetch): 3/8 unresolved
      world/u18 page 1 (fetch): 3/3 unresolved
      world/u18 page 5 (fetch): 2/3 unresolved
      world/u18 page 10 (fetch): 1/3 unresolved
    world: resolved 9/12 races
      europe/senior page 1 (fetch): 23/23 unresolved
      europe/senior page 5 (fetch): 23/23 unresolved
      europe/senior page 10 (fetch): 15/23 unresolved
      europe/senior page 15 (fetch): 10/23 unresolved
      europe/senior page 20 (fetch): 6/23 unresolved
      europe/senior page 22 (fetch): 6/23 unresolved
      europe/u20 page 1 (fetch): 8/8 unresolved
      europe/u20 page 5 (fetch): 7/8 unresolved
      europe/u20 page 10 (fetch): 3/8 unresolved
      europe/u20 page 11 (fetch): 3/8 unresolved
      europe/u18 page 1 (fetch): 3/3 unresolved
      europe/u18 page 5 (fetch): 1/3 unresolved
      europe/u18 page 6 (fetch): 1/3 unresolved
    europe: resolved 9/12 races
  [16/115] Motka men (outdoor, pole-vault): 30 athletes / 30 races
    national (has.hr-derived): 30/30 races ranked
      cro/senior page 1 (fetch): 30/30 unresolved
      cro/senior page 2 (fetch): 24/30 unresolved
      cro/u20 page 1 (fetch): 25/25 unresolved
      cro/u20 page 2 (fetch): 22/25 unresolved
      cro/u18 page 1 (fetch): 19/19 unresolved
    presence gate (WA cro list): 6/30 athletes recognized
      world/senior page 1 (fetch): 10/10 unresolved
      world/senior page 5 (fetch): 9/10 unresolved
      world/senior page 10 (fetch): 8/10 unresolved
      world/senior page 15 (fetch): 8/10 unresolved
      world/senior page 20 (fetch): 8/10 unresolved
      world/senior page 25 (fetch): 8/10 unresolved
      world/senior page 30 (fetch): 6/10 unresolved
      world/senior page 35 (fetch): 6/10 unresolved
      world/u20 page 1 (fetch): 3/3 unresolved
      world/u20 page 5 (fetch): 3/3 unresolved
      world/u20 page 10 (fetch): 2/3 unresolved
    world: resolved 6/6 races
      europe/senior page 1 (fetch): 10/10 unresolved
      europe/senior page 5 (fetch): 8/10 unresolved
      europe/senior page 10 (fetch): 8/10 unresolved
      europe/u20 page 1 (fetch): 3/3 unresolved
      europe/u20 page 5 (fetch): 2/3 unresolved
    europe: resolved 6/6 races
  [17/115] 60m men (indoor, 60-metres): 114 athletes / 114 races
    national (has.hr-derived): 114/114 races ranked
      cro/senior page 1 (fetch): 114/114 unresolved
      cro/senior page 2 (fetch): 80/114 unresolved
      cro/u20 page 1 (fetch): 97/97 unresolved
      cro/u20 page 2 (fetch): 80/97 unresolved
      cro/u18 page 1 (fetch): 80/80 unresolved
      cro/u18 page 2 (fetch): 74/80 unresolved
    presence gate (WA cro list): 33/114 athletes recognized
      world/senior page 1 (fetch): 55/55 unresolved
      world/senior page 5 (fetch): 55/55 unresolved
      world/senior page 10 (fetch): 53/55 unresolved
      world/senior page 15 (fetch): 51/55 unresolved
      world/senior page 20 (fetch): 49/55 unresolved
      world/senior page 25 (fetch): 49/55 unresolved
      world/senior page 30 (fetch): 48/55 unresolved
      world/senior page 35 (fetch): 46/55 unresolved
      world/senior page 40 (fetch): 43/55 unresolved
      world/senior page 45 (fetch): 43/55 unresolved
      world/senior page 50 (fetch): 39/55 unresolved
      world/senior page 55 (fetch): 38/55 unresolved
      world/senior page 60 (fetch): 36/55 unresolved
      world/senior page 65 (fetch): 34/55 unresolved
      world/senior page 70 (fetch): 28/55 unresolved
      world/senior page 75 (fetch): 26/55 unresolved
      world/senior page 80 (fetch): 25/55 unresolved
      world/senior page 85 (fetch): 24/55 unresolved
      world/senior page 90 (fetch): 20/55 unresolved
      world/senior page 95 (fetch): 16/55 unresolved
      world/senior page 100 (fetch): 14/55 unresolved
      world/senior page 105 (fetch): 10/55 unresolved
      world/senior page 110 (fetch): 4/55 unresolved
      world/senior page 115 (fetch): 2/55 unresolved
      world/senior page 116 (fetch): 2/55 unresolved
      world/u20 page 1 (fetch): 17/17 unresolved
      world/u20 page 5 (fetch): 16/17 unresolved
      world/u20 page 10 (fetch): 14/17 unresolved
      world/u20 page 15 (fetch): 11/17 unresolved
      world/u20 page 20 (fetch): 9/17 unresolved
      world/u20 page 25 (fetch): 8/17 unresolved
      world/u20 page 30 (fetch): 5/17 unresolved
      world/u20 page 35 (fetch): 2/17 unresolved
      world/u20 page 37 (fetch): 1/17 unresolved
      world/u18 page 1 (fetch): 7/7 unresolved
      world/u18 page 5 (fetch): 6/7 unresolved
      world/u18 page 10 (fetch): 4/7 unresolved
      world/u18 page 14 (fetch): 1/7 unresolved
    world: resolved 32/33 races
      europe/senior page 1 (fetch): 55/55 unresolved
      europe/senior page 5 (fetch): 52/55 unresolved
      europe/senior page 10 (fetch): 49/55 unresolved
      europe/senior page 15 (fetch): 44/55 unresolved
      europe/senior page 20 (fetch): 40/55 unresolved
      europe/senior page 25 (fetch): 38/55 unresolved
      europe/senior page 30 (fetch): 34/55 unresolved
      europe/senior page 35 (fetch): 25/55 unresolved
      europe/senior page 40 (fetch): 24/55 unresolved
      europe/senior page 45 (fetch): 20/55 unresolved
      europe/senior page 50 (fetch): 10/55 unresolved
      europe/senior page 55 (fetch): 4/55 unresolved
      europe/senior page 58 (fetch): 2/55 unresolved
      europe/u20 page 1 (fetch): 17/17 unresolved
      europe/u20 page 5 (fetch): 14/17 unresolved
      europe/u20 page 10 (fetch): 11/17 unresolved
      europe/u20 page 15 (fetch): 9/17 unresolved
      europe/u20 page 20 (fetch): 5/17 unresolved
      europe/u20 page 25 (fetch): 1/17 unresolved
      europe/u18 page 1 (fetch): 7/7 unresolved
      europe/u18 page 5 (fetch): 5/7 unresolved
      europe/u18 page 10 (fetch): 1/7 unresolved
      europe/u18 page 11 (fetch): 1/7 unresolved
    europe: resolved 32/33 races
  [18/115] 200m men (indoor, 200-metres-short-track): 84 athletes / 84 races
    national (has.hr-derived): 84/84 races ranked
      cro/senior page 1 (fetch): 84/84 unresolved
      cro/senior page 2 (fetch): 67/84 unresolved
      cro/u20 page 1 (fetch): 74/74 unresolved
      cro/u20 page 2 (fetch): 65/74 unresolved
      cro/u18 page 1 (fetch): 60/60 unresolved
      cro/u18 page 2 (fetch): 57/60 unresolved
    presence gate (WA cro list): 16/84 athletes recognized
      world/senior page 1 (fetch): 26/26 unresolved
      world/senior page 5 (fetch): 25/26 unresolved
      world/senior page 10 (fetch): 25/26 unresolved
      world/senior page 15 (fetch): 21/26 unresolved
      world/senior page 20 (fetch): 21/26 unresolved
      world/senior page 25 (fetch): 18/26 unresolved
      world/senior page 30 (fetch): 18/26 unresolved
      world/senior page 35 (fetch): 14/26 unresolved
      world/senior page 40 (fetch): 14/26 unresolved
      world/senior page 45 (fetch): 14/26 unresolved
      world/senior page 50 (fetch): 13/26 unresolved
      world/senior page 55 (fetch): 9/26 unresolved
      world/senior page 60 (fetch): 8/26 unresolved
      world/senior page 65 (fetch): 6/26 unresolved
      world/senior page 70 (fetch): 6/26 unresolved
      world/senior page 75 (fetch): 2/26 unresolved
      world/u20 page 1 (fetch): 8/8 unresolved
      world/u20 page 5 (fetch): 6/8 unresolved
      world/u20 page 10 (fetch): 4/8 unresolved
      world/u20 page 15 (fetch): 4/8 unresolved
      world/u20 page 20 (fetch): 3/8 unresolved
      world/u20 page 25 (fetch): 1/8 unresolved
      world/u18 page 1 (fetch): 3/3 unresolved
      world/u18 page 5 (fetch): 2/3 unresolved
    world: resolved 16/16 races
      europe/senior page 1 (fetch): 26/26 unresolved
      europe/senior page 5 (fetch): 21/26 unresolved
      europe/senior page 10 (fetch): 18/26 unresolved
      europe/senior page 15 (fetch): 14/26 unresolved
      europe/senior page 20 (fetch): 13/26 unresolved
      europe/senior page 25 (fetch): 8/26 unresolved
      europe/senior page 30 (fetch): 6/26 unresolved
      europe/u20 page 1 (fetch): 8/8 unresolved
      europe/u20 page 5 (fetch): 4/8 unresolved
      europe/u20 page 10 (fetch): 4/8 unresolved
      europe/u20 page 15 (fetch): 3/8 unresolved
      europe/u18 page 1 (fetch): 3/3 unresolved
      europe/u18 page 5 (fetch): 2/3 unresolved
    europe: resolved 16/16 races
  [19/115] 300m men (indoor, 300-metres-short-track): 61 athletes / 61 races
    national (has.hr-derived): 61/61 races ranked
      cro/senior page 1 (fetch): 61/61 unresolved
      cro/senior page 2 (fetch): 44/61 unresolved
      cro/u20 page 1 (fetch): 50/50 unresolved
      cro/u20 page 2 (fetch): 42/50 unresolved
      cro/u18 page 1 (fetch): 36/36 unresolved
      cro/u18 page 2 (fetch): 35/36 unresolved
    presence gate (WA cro list): 17/61 athletes recognized
      world/senior page 1 (fetch): 28/28 unresolved
      world/senior page 5 (fetch): 19/28 unresolved
      world/senior page 10 (fetch): 10/28 unresolved
      world/u20 page 1 (fetch): 8/8 unresolved
      world/u18 page 1 (fetch): 1/1 unresolved
    world: resolved 17/17 races
      europe/senior page 1 (fetch): 28/28 unresolved
      europe/u20 page 1 (fetch): 8/8 unresolved
      europe/u18 page 1 (fetch): 1/1 unresolved
    europe: resolved 17/17 races
  [20/115] 400m men (indoor, 400-metres-short-track): 50 athletes / 50 races
    national (has.hr-derived): 50/50 races ranked
      cro/senior page 1 (fetch): 50/50 unresolved
      cro/senior page 2 (fetch): 30/50 unresolved
      cro/u20 page 1 (fetch): 42/42 unresolved
      cro/u20 page 2 (fetch): 30/42 unresolved
      cro/u18 page 1 (fetch): 25/25 unresolved
      cro/u18 page 2 (fetch): 23/25 unresolved
    presence gate (WA cro list): 20/50 athletes recognized
      world/senior page 1 (fetch): 35/35 unresolved
      world/senior page 5 (fetch): 35/35 unresolved
      world/senior page 10 (fetch): 33/35 unresolved
      world/senior page 15 (fetch): 25/35 unresolved
      world/senior page 20 (fetch): 23/35 unresolved
      world/senior page 25 (fetch): 23/35 unresolved
      world/senior page 30 (fetch): 19/35 unresolved
      world/senior page 35 (fetch): 17/35 unresolved
      world/senior page 40 (fetch): 15/35 unresolved
      world/senior page 45 (fetch): 10/35 unresolved
      world/senior page 50 (fetch): 4/35 unresolved
      world/u20 page 1 (fetch): 12/12 unresolved
      world/u20 page 5 (fetch): 8/12 unresolved
      world/u20 page 10 (fetch): 5/12 unresolved
      world/u20 page 15 (fetch): 1/12 unresolved
      world/u18 page 1 (fetch): 2/2 unresolved
    world: resolved 20/20 races
      europe/senior page 1 (fetch): 35/35 unresolved
      europe/senior page 5 (fetch): 31/35 unresolved
      europe/senior page 10 (fetch): 23/35 unresolved
      europe/senior page 15 (fetch): 15/35 unresolved
      europe/senior page 20 (fetch): 5/35 unresolved
      europe/u20 page 1 (fetch): 12/12 unresolved
      europe/u20 page 5 (fetch): 6/12 unresolved
      europe/u20 page 10 (fetch): 1/12 unresolved
      europe/u18 page 1 (fetch): 2/2 unresolved
    europe: resolved 20/20 races
  [21/115] 600m men (indoor, 600-metres-short-track): 20 athletes / 20 races
    national (has.hr-derived): 20/20 races ranked
      cro/senior page 1 (fetch): 20/20 unresolved
      cro/senior page 2 (fetch): 15/20 unresolved
      cro/u20 page 1 (fetch): 17/17 unresolved
      cro/u20 page 2 (fetch): 15/17 unresolved
      cro/u18 page 1 (fetch): 13/13 unresolved
    presence gate (WA cro list): 5/20 athletes recognized
      world/senior page 1 (fetch): 8/8 unresolved
      world/senior page 5 (fetch): 2/8 unresolved
      world/u20 page 1 (fetch): 2/2 unresolved
    world: resolved 5/5 races
      europe/senior page 1 (fetch): 8/8 unresolved
      europe/u20 page 1 (fetch): 2/2 unresolved
    europe: resolved 5/5 races
  [22/115] 800m men (indoor, 800-metres-short-track): 64 athletes / 64 races
    national (has.hr-derived): 64/64 races ranked
      cro/senior page 1 (fetch): 64/64 unresolved
      cro/senior page 2 (fetch): 50/64 unresolved
      cro/u20 page 1 (fetch): 56/56 unresolved
      cro/u20 page 2 (fetch): 48/56 unresolved
      cro/u18 page 1 (fetch): 47/47 unresolved
      cro/u18 page 2 (fetch): 43/47 unresolved
    presence gate (WA cro list): 12/64 athletes recognized
      world/senior page 1 (fetch): 21/21 unresolved
      world/senior page 5 (fetch): 19/21 unresolved
      world/senior page 10 (fetch): 18/21 unresolved
      world/senior page 15 (fetch): 12/21 unresolved
      world/senior page 20 (fetch): 12/21 unresolved
      world/senior page 25 (fetch): 10/21 unresolved
      world/senior page 30 (fetch): 10/21 unresolved
      world/senior page 35 (fetch): 8/21 unresolved
      world/senior page 40 (fetch): 4/21 unresolved
      world/u20 page 1 (fetch): 8/8 unresolved
      world/u20 page 5 (fetch): 5/8 unresolved
      world/u20 page 10 (fetch): 3/8 unresolved
      world/u18 page 1 (fetch): 4/4 unresolved
    world: resolved 12/12 races
      europe/senior page 1 (fetch): 21/21 unresolved
      europe/senior page 5 (fetch): 18/21 unresolved
      europe/senior page 10 (fetch): 10/21 unresolved
      europe/senior page 15 (fetch): 8/21 unresolved
      europe/senior page 20 (fetch): 2/21 unresolved
      europe/u20 page 1 (fetch): 8/8 unresolved
      europe/u20 page 5 (fetch): 5/8 unresolved
      europe/u18 page 1 (fetch): 4/4 unresolved
    europe: resolved 12/12 races
  [23/115] 1000m men (indoor, 1000-metres-short-track): 54 athletes / 54 races
    national (has.hr-derived): 54/54 races ranked
      cro/senior page 1 (fetch): 54/54 unresolved
      cro/senior page 2 (fetch): 46/54 unresolved
      cro/u20 page 1 (fetch): 43/43 unresolved
      cro/u20 page 2 (fetch): 41/43 unresolved
      cro/u18 page 1 (fetch): 39/39 unresolved
      cro/u18 page 2 (fetch): 38/39 unresolved
    presence gate (WA cro list): 7/54 athletes recognized
      world/senior page 1 (fetch): 13/13 unresolved
      world/senior page 5 (fetch): 6/13 unresolved
      world/senior page 10 (fetch): 2/13 unresolved
      world/u20 page 1 (fetch): 2/2 unresolved
      world/u18 page 1 (fetch): 1/1 unresolved
    world: resolved 7/7 races
      europe/senior page 1 (fetch): 13/13 unresolved
      europe/u20 page 1 (fetch): 2/2 unresolved
      europe/u18 page 1 (fetch): 1/1 unresolved
    europe: resolved 7/7 races
  [24/115] 1500m men (indoor, 1500-metres-short-track): 24 athletes / 24 races
    national (has.hr-derived): 24/24 races ranked
      cro/senior page 1 (fetch): 24/24 unresolved
      cro/senior page 2 (fetch): 14/24 unresolved
      cro/u20 page 1 (fetch): 15/15 unresolved
      cro/u20 page 2 (fetch): 12/15 unresolved
      cro/u18 page 1 (fetch): 9/9 unresolved
      cro/u18 page 2 (fetch): 7/9 unresolved
    presence gate (WA cro list): 9/24 athletes recognized
      world/senior page 1 (fetch): 17/17 unresolved
      world/senior page 5 (fetch): 14/17 unresolved
      world/senior page 10 (fetch): 10/17 unresolved
      world/senior page 15 (fetch): 6/17 unresolved
      world/u20 page 1 (fetch): 3/3 unresolved
      world/u20 page 5 (fetch): 1/3 unresolved
      world/u18 page 1 (fetch): 2/2 unresolved
    world: resolved 9/9 races
      europe/senior page 1 (fetch): 17/17 unresolved
      europe/senior page 5 (fetch): 12/17 unresolved
      europe/senior page 10 (fetch): 6/17 unresolved
      europe/u20 page 1 (fetch): 3/3 unresolved
      europe/u18 page 1 (fetch): 2/2 unresolved
    europe: resolved 9/9 races
  [25/115] 3000m men (indoor, 3000-metres-short-track): 52 athletes / 52 races
    national (has.hr-derived): 52/52 races ranked
      cro/senior page 1 (fetch): 52/52 unresolved
      cro/senior page 2 (fetch): 34/52 unresolved
      cro/u20 page 1 (fetch): 32/32 unresolved
      cro/u20 page 2 (fetch): 28/32 unresolved
      cro/u18 page 1 (fetch): 26/26 unresolved
      cro/u18 page 2 (fetch): 24/26 unresolved
    presence gate (WA cro list): 18/52 athletes recognized
      world/senior page 1 (fetch): 29/29 unresolved
      world/senior page 5 (fetch): 27/29 unresolved
      world/senior page 10 (fetch): 26/29 unresolved
      world/senior page 15 (fetch): 26/29 unresolved
      world/senior page 20 (fetch): 18/29 unresolved
      world/senior page 25 (fetch): 17/29 unresolved
      world/senior page 30 (fetch): 14/29 unresolved
      world/senior page 35 (fetch): 4/29 unresolved
      world/u20 page 1 (fetch): 4/4 unresolved
      world/u18 page 1 (fetch): 2/2 unresolved
    world: resolved 18/18 races
      europe/senior page 1 (fetch): 29/29 unresolved
      europe/senior page 5 (fetch): 26/29 unresolved
      europe/senior page 10 (fetch): 17/29 unresolved
      europe/u20 page 1 (fetch): 4/4 unresolved
      europe/u18 page 1 (fetch): 2/2 unresolved
    europe: resolved 18/18 races
  [26/115] Dalj men (indoor, long-jump): 64 athletes / 64 races
    national (has.hr-derived): 64/64 races ranked
      cro/senior page 1 (fetch): 64/64 unresolved
      cro/senior page 2 (fetch): 51/64 unresolved
      cro/u20 page 1 (fetch): 56/56 unresolved
      cro/u20 page 2 (fetch): 48/56 unresolved
      cro/u18 page 1 (fetch): 49/49 unresolved
      cro/u18 page 2 (fetch): 45/49 unresolved
    presence gate (WA cro list): 15/64 athletes recognized
      world/senior page 1 (fetch): 27/27 unresolved
      world/senior page 5 (fetch): 26/27 unresolved
      world/senior page 10 (fetch): 25/27 unresolved
      world/senior page 15 (fetch): 25/27 unresolved
      world/senior page 20 (fetch): 25/27 unresolved
      world/senior page 25 (fetch): 25/27 unresolved
      world/senior page 30 (fetch): 24/27 unresolved
      world/senior page 35 (fetch): 22/27 unresolved
      world/senior page 40 (fetch): 22/27 unresolved
      world/senior page 45 (fetch): 22/27 unresolved
      world/senior page 50 (fetch): 20/27 unresolved
      world/senior page 55 (fetch): 18/27 unresolved
      world/senior page 60 (fetch): 16/27 unresolved
      world/senior page 65 (fetch): 14/27 unresolved
      world/senior page 70 (fetch): 10/27 unresolved
      world/senior page 75 (fetch): 10/27 unresolved
      world/senior page 80 (fetch): 6/27 unresolved
      world/senior page 85 (fetch): 6/27 unresolved
      world/senior page 90 (fetch): 4/27 unresolved
      world/senior page 95 (fetch): 4/27 unresolved
      world/senior page 97 (fetch): 4/27 unresolved
      world/u20 page 1 (fetch): 10/10 unresolved
      world/u20 page 5 (fetch): 10/10 unresolved
      world/u20 page 10 (fetch): 9/10 unresolved
      world/u20 page 15 (fetch): 8/10 unresolved
      world/u20 page 20 (fetch): 6/10 unresolved
      world/u20 page 25 (fetch): 4/10 unresolved
      world/u20 page 30 (fetch): 3/10 unresolved
      world/u20 page 35 (fetch): 2/10 unresolved
      world/u20 page 37 (fetch): 2/10 unresolved
      world/u18 page 1 (fetch): 5/5 unresolved
      world/u18 page 5 (fetch): 3/5 unresolved
      world/u18 page 10 (fetch): 2/5 unresolved
      world/u18 page 15 (fetch): 1/5 unresolved
      world/u18 page 17 (fetch): 1/5 unresolved
    world: resolved 13/15 races
      europe/senior page 1 (fetch): 27/27 unresolved
      europe/senior page 5 (fetch): 25/27 unresolved
      europe/senior page 10 (fetch): 24/27 unresolved
      europe/senior page 15 (fetch): 22/27 unresolved
      europe/senior page 20 (fetch): 18/27 unresolved
      europe/senior page 25 (fetch): 12/27 unresolved
      europe/senior page 30 (fetch): 6/27 unresolved
      europe/senior page 35 (fetch): 4/27 unresolved
      europe/senior page 37 (fetch): 4/27 unresolved
      europe/u20 page 1 (fetch): 10/10 unresolved
      europe/u20 page 5 (fetch): 9/10 unresolved
      europe/u20 page 10 (fetch): 6/10 unresolved
      europe/u20 page 15 (fetch): 3/10 unresolved
      europe/u20 page 19 (fetch): 2/10 unresolved
      europe/u18 page 1 (fetch): 5/5 unresolved
      europe/u18 page 5 (fetch): 3/5 unresolved
      europe/u18 page 10 (fetch): 1/5 unresolved
    europe: resolved 13/15 races
  [27/115] Vis men (indoor, high-jump): 76 athletes / 76 races
    national (has.hr-derived): 76/76 races ranked
      cro/senior page 1 (fetch): 76/76 unresolved
      cro/senior page 2 (fetch): 67/76 unresolved
      cro/u20 page 1 (fetch): 70/70 unresolved
      cro/u20 page 2 (fetch): 66/70 unresolved
      cro/u18 page 1 (fetch): 63/63 unresolved
      cro/u18 page 2 (fetch): 61/63 unresolved
    presence gate (WA cro list): 13/76 athletes recognized
      world/senior page 1 (fetch): 23/23 unresolved
      world/senior page 5 (fetch): 23/23 unresolved
      world/senior page 10 (fetch): 23/23 unresolved
      world/senior page 15 (fetch): 22/23 unresolved
      world/senior page 20 (fetch): 22/23 unresolved
      world/senior page 25 (fetch): 18/23 unresolved
      world/senior page 30 (fetch): 18/23 unresolved
      world/senior page 35 (fetch): 13/23 unresolved
      world/senior page 40 (fetch): 13/23 unresolved
      world/senior page 45 (fetch): 12/23 unresolved
      world/senior page 50 (fetch): 12/23 unresolved
      world/senior page 55 (fetch): 8/23 unresolved
      world/senior page 58 (fetch): 8/23 unresolved
      world/u20 page 1 (fetch): 7/7 unresolved
      world/u20 page 5 (fetch): 7/7 unresolved
      world/u20 page 10 (fetch): 7/7 unresolved
      world/u20 page 15 (fetch): 5/7 unresolved
      world/u20 page 20 (fetch): 3/7 unresolved
      world/u20 page 23 (fetch): 3/7 unresolved
      world/u18 page 1 (fetch): 3/3 unresolved
      world/u18 page 5 (fetch): 1/3 unresolved
      world/u18 page 10 (fetch): 1/3 unresolved
    world: resolved 9/13 races
      europe/senior page 1 (fetch): 23/23 unresolved
      europe/senior page 5 (fetch): 22/23 unresolved
      europe/senior page 10 (fetch): 18/23 unresolved
      europe/senior page 15 (fetch): 13/23 unresolved
      europe/senior page 20 (fetch): 8/23 unresolved
      europe/senior page 22 (fetch): 8/23 unresolved
      europe/u20 page 1 (fetch): 7/7 unresolved
      europe/u20 page 5 (fetch): 7/7 unresolved
      europe/u20 page 10 (fetch): 3/7 unresolved
      europe/u20 page 11 (fetch): 3/7 unresolved
      europe/u18 page 1 (fetch): 3/3 unresolved
      europe/u18 page 5 (fetch): 1/3 unresolved
      europe/u18 page 6 (fetch): 1/3 unresolved
    europe: resolved 9/13 races
  [28/115] Motka men (indoor, pole-vault): 33 athletes / 33 races
    national (has.hr-derived): 33/33 races ranked
      cro/senior page 1 (fetch): 33/33 unresolved
      cro/senior page 2 (fetch): 23/33 unresolved
      cro/u20 page 1 (fetch): 24/24 unresolved
      cro/u20 page 2 (fetch): 22/24 unresolved
      cro/u18 page 1 (fetch): 19/19 unresolved
    presence gate (WA cro list): 11/33 athletes recognized
      world/senior page 1 (fetch): 15/15 unresolved
      world/senior page 5 (fetch): 13/15 unresolved
      world/senior page 10 (fetch): 12/15 unresolved
      world/senior page 15 (fetch): 8/15 unresolved
      world/senior page 20 (fetch): 4/15 unresolved
      world/senior page 25 (fetch): 4/15 unresolved
      world/senior page 30 (fetch): 4/15 unresolved
      world/senior page 35 (fetch): 2/15 unresolved
      world/senior page 38 (fetch): 2/15 unresolved
      world/u20 page 1 (fetch): 3/3 unresolved
      world/u20 page 5 (fetch): 2/3 unresolved
      world/u20 page 10 (fetch): 1/3 unresolved
      world/u20 page 12 (fetch): 1/3 unresolved
    world: resolved 10/11 races
      europe/senior page 1 (fetch): 15/15 unresolved
      europe/senior page 5 (fetch): 12/15 unresolved
      europe/senior page 10 (fetch): 4/15 unresolved
      europe/senior page 15 (fetch): 2/15 unresolved
      europe/senior page 17 (fetch): 2/15 unresolved
      europe/u20 page 1 (fetch): 3/3 unresolved
      europe/u20 page 5 (fetch): 2/3 unresolved
      europe/u20 page 7 (fetch): 1/3 unresolved
    europe: resolved 10/11 races
  [29/115] 60m women (outdoor, 60-metres): 52 athletes / 52 races
    national (has.hr-derived): 52/52 races ranked
      cro/senior page 1 (fetch): 52/52 unresolved
      cro/senior page 2 (fetch): 35/52 unresolved
      cro/u20 page 1 (fetch): 52/52 unresolved
      cro/u20 page 2 (fetch): 35/52 unresolved
      cro/u18 page 1 (fetch): 52/52 unresolved
      cro/u18 page 2 (fetch): 35/52 unresolved
    presence gate (WA cro list): 16/52 athletes recognized
      world/senior page 1 (fetch): 32/32 unresolved
      world/senior page 5 (fetch): 32/32 unresolved
      world/senior page 10 (fetch): 32/32 unresolved
      world/senior page 15 (fetch): 32/32 unresolved
      world/senior page 20 (fetch): 32/32 unresolved
      world/senior page 25 (fetch): 32/32 unresolved
      world/senior page 30 (fetch): 32/32 unresolved
      world/senior page 35 (fetch): 32/32 unresolved
      world/senior page 40 (fetch): 32/32 unresolved
      world/senior page 45 (fetch): 30/32 unresolved
      world/senior page 50 (fetch): 30/32 unresolved
      world/senior page 55 (fetch): 30/32 unresolved
      world/senior page 60 (fetch): 30/32 unresolved
      world/senior page 65 (fetch): 30/32 unresolved
      world/senior page 70 (fetch): 28/32 unresolved
      world/senior page 75 (fetch): 26/32 unresolved
      world/senior page 80 (fetch): 24/32 unresolved
      world/senior page 85 (fetch): 22/32 unresolved
      world/senior page 90 (fetch): 22/32 unresolved
      world/senior page 95 (fetch): 20/32 unresolved
      world/senior page 100 (fetch): 18/32 unresolved
      world/senior page 105 (fetch): 18/32 unresolved
      world/senior page 110 (fetch): 12/32 unresolved
      world/senior page 115 (fetch): 8/32 unresolved
      world/senior page 120 (fetch): 6/32 unresolved
      world/senior page 123 (fetch): 6/32 unresolved
      world/u20 page 1 (fetch): 16/16 unresolved
      world/u20 page 5 (fetch): 16/16 unresolved
      world/u20 page 10 (fetch): 16/16 unresolved
      world/u20 page 15 (fetch): 15/16 unresolved
      world/u20 page 20 (fetch): 15/16 unresolved
      world/u20 page 25 (fetch): 15/16 unresolved
      world/u20 page 30 (fetch): 14/16 unresolved
      world/u20 page 35 (fetch): 12/16 unresolved
      world/u20 page 40 (fetch): 11/16 unresolved
      world/u20 page 45 (fetch): 10/16 unresolved
      world/u20 page 50 (fetch): 9/16 unresolved
      world/u20 page 55 (fetch): 6/16 unresolved
      world/u20 page 60 (fetch): 3/16 unresolved
      world/u20 page 63 (fetch): 3/16 unresolved
      world/u18 page 1 (fetch): 16/16 unresolved
      world/u18 page 5 (fetch): 16/16 unresolved
      world/u18 page 10 (fetch): 15/16 unresolved
      world/u18 page 15 (fetch): 14/16 unresolved
      world/u18 page 20 (fetch): 12/16 unresolved
      world/u18 page 25 (fetch): 10/16 unresolved
      world/u18 page 30 (fetch): 9/16 unresolved
      world/u18 page 35 (fetch): 4/16 unresolved
      world/u18 page 39 (fetch): 3/16 unresolved
    world: resolved 13/16 races
      europe/senior page 1 (fetch): 32/32 unresolved
      europe/senior page 5 (fetch): 32/32 unresolved
      europe/senior page 10 (fetch): 32/32 unresolved
      europe/senior page 15 (fetch): 32/32 unresolved
      europe/senior page 20 (fetch): 32/32 unresolved
      europe/senior page 25 (fetch): 30/32 unresolved
      europe/senior page 30 (fetch): 30/32 unresolved
      europe/senior page 35 (fetch): 30/32 unresolved
      europe/senior page 40 (fetch): 26/32 unresolved
      europe/senior page 45 (fetch): 24/32 unresolved
      europe/senior page 50 (fetch): 22/32 unresolved
      europe/senior page 55 (fetch): 20/32 unresolved
      europe/senior page 60 (fetch): 18/32 unresolved
      europe/senior page 65 (fetch): 12/32 unresolved
      europe/senior page 70 (fetch): 8/32 unresolved
      europe/senior page 75 (fetch): 6/32 unresolved
      europe/u20 page 1 (fetch): 16/16 unresolved
      europe/u20 page 5 (fetch): 16/16 unresolved
      europe/u20 page 10 (fetch): 15/16 unresolved
      europe/u20 page 15 (fetch): 15/16 unresolved
      europe/u20 page 20 (fetch): 14/16 unresolved
      europe/u20 page 25 (fetch): 12/16 unresolved
      europe/u20 page 30 (fetch): 11/16 unresolved
      europe/u20 page 35 (fetch): 9/16 unresolved
      europe/u20 page 40 (fetch): 7/16 unresolved
      europe/u20 page 45 (fetch): 4/16 unresolved
      europe/u20 page 49 (fetch): 3/16 unresolved
      europe/u18 page 1 (fetch): 16/16 unresolved
      europe/u18 page 5 (fetch): 15/16 unresolved
      europe/u18 page 10 (fetch): 15/16 unresolved
      europe/u18 page 15 (fetch): 12/16 unresolved
      europe/u18 page 20 (fetch): 11/16 unresolved
      europe/u18 page 25 (fetch): 9/16 unresolved
      europe/u18 page 30 (fetch): 3/16 unresolved
      europe/u18 page 33 (fetch): 3/16 unresolved
    europe: resolved 13/16 races
  [30/115] 100m women (outdoor, 100-metres): 96 athletes / 96 races
    national (has.hr-derived): 96/96 races ranked
      cro/senior page 1 (fetch): 96/96 unresolved
      cro/senior page 2 (fetch): 57/96 unresolved
      cro/u20 page 1 (fetch): 85/85 unresolved
      cro/u20 page 2 (fetch): 53/85 unresolved
      cro/u18 page 1 (fetch): 77/77 unresolved
      cro/u18 page 2 (fetch): 53/77 unresolved
    presence gate (WA cro list): 38/96 athletes recognized
      world/senior page 1 (fetch): 76/76 unresolved
      world/senior page 5 (fetch): 76/76 unresolved
      world/senior page 10 (fetch): 76/76 unresolved
      world/senior page 15 (fetch): 72/76 unresolved
      world/senior page 20 (fetch): 72/76 unresolved
      world/senior page 25 (fetch): 70/76 unresolved
      world/senior page 30 (fetch): 70/76 unresolved
      world/senior page 35 (fetch): 70/76 unresolved
      world/senior page 40 (fetch): 70/76 unresolved
      world/senior page 45 (fetch): 64/76 unresolved
      world/senior page 50 (fetch): 64/76 unresolved
      world/senior page 55 (fetch): 64/76 unresolved
      world/senior page 60 (fetch): 62/76 unresolved
      world/senior page 65 (fetch): 60/76 unresolved
      world/senior page 70 (fetch): 60/76 unresolved
      world/senior page 75 (fetch): 56/76 unresolved
      world/senior page 80 (fetch): 54/76 unresolved
      world/senior page 85 (fetch): 50/76 unresolved
      world/senior page 90 (fetch): 44/76 unresolved
      world/senior page 95 (fetch): 40/76 unresolved
      world/senior page 100 (fetch): 40/76 unresolved
      world/senior page 105 (fetch): 36/76 unresolved
      world/senior page 110 (fetch): 32/76 unresolved
      world/senior page 115 (fetch): 28/76 unresolved
      world/senior page 120 (fetch): 18/76 unresolved
      world/senior page 125 (fetch): 16/76 unresolved
      world/senior page 130 (fetch): 14/76 unresolved
      world/senior page 135 (fetch): 12/76 unresolved
      world/senior page 140 (fetch): 10/76 unresolved
      world/senior page 145 (fetch): 6/76 unresolved
      world/senior page 150 (fetch): 4/76 unresolved
      world/senior page 153 (fetch): 2/76 unresolved
      world/u20 page 1 (fetch): 32/32 unresolved
      world/u20 page 5 (fetch): 30/32 unresolved
      world/u20 page 10 (fetch): 29/32 unresolved
      world/u20 page 15 (fetch): 27/32 unresolved
      world/u20 page 20 (fetch): 27/32 unresolved
      world/u20 page 25 (fetch): 27/32 unresolved
      world/u20 page 30 (fetch): 24/32 unresolved
      world/u20 page 35 (fetch): 22/32 unresolved
      world/u20 page 40 (fetch): 17/32 unresolved
      world/u20 page 45 (fetch): 17/32 unresolved
      world/u20 page 50 (fetch): 14/32 unresolved
      world/u20 page 55 (fetch): 11/32 unresolved
      world/u20 page 60 (fetch): 7/32 unresolved
      world/u20 page 65 (fetch): 7/32 unresolved
      world/u20 page 70 (fetch): 5/32 unresolved
      world/u20 page 75 (fetch): 2/32 unresolved
      world/u20 page 79 (fetch): 1/32 unresolved
      world/u18 page 1 (fetch): 26/26 unresolved
      world/u18 page 5 (fetch): 25/26 unresolved
      world/u18 page 10 (fetch): 23/26 unresolved
      world/u18 page 15 (fetch): 21/26 unresolved
      world/u18 page 20 (fetch): 19/26 unresolved
      world/u18 page 25 (fetch): 15/26 unresolved
      world/u18 page 30 (fetch): 12/26 unresolved
      world/u18 page 35 (fetch): 8/26 unresolved
      world/u18 page 40 (fetch): 6/26 unresolved
      world/u18 page 45 (fetch): 3/26 unresolved
      world/u18 page 50 (fetch): 1/26 unresolved
    world: resolved 37/38 races
      europe/senior page 1 (fetch): 76/76 unresolved
      europe/senior page 5 (fetch): 72/76 unresolved
      europe/senior page 10 (fetch): 70/76 unresolved
      europe/senior page 15 (fetch): 66/76 unresolved
      europe/senior page 20 (fetch): 64/76 unresolved
      europe/senior page 25 (fetch): 60/76 unresolved
      europe/senior page 30 (fetch): 54/76 unresolved
      europe/senior page 35 (fetch): 50/76 unresolved
      europe/senior page 40 (fetch): 40/76 unresolved
      europe/senior page 45 (fetch): 34/76 unresolved
      europe/senior page 50 (fetch): 22/76 unresolved
      europe/senior page 55 (fetch): 14/76 unresolved
      europe/senior page 60 (fetch): 12/76 unresolved
      europe/senior page 65 (fetch): 6/76 unresolved
      europe/senior page 69 (fetch): 2/76 unresolved
      europe/u20 page 1 (fetch): 32/32 unresolved
      europe/u20 page 5 (fetch): 29/32 unresolved
      europe/u20 page 10 (fetch): 27/32 unresolved
      europe/u20 page 15 (fetch): 24/32 unresolved
      europe/u20 page 20 (fetch): 17/32 unresolved
      europe/u20 page 25 (fetch): 14/32 unresolved
      europe/u20 page 30 (fetch): 8/32 unresolved
      europe/u20 page 35 (fetch): 6/32 unresolved
      europe/u20 page 40 (fetch): 2/32 unresolved
      europe/u20 page 42 (fetch): 1/32 unresolved
      europe/u18 page 1 (fetch): 26/26 unresolved
      europe/u18 page 5 (fetch): 23/26 unresolved
      europe/u18 page 10 (fetch): 19/26 unresolved
      europe/u18 page 15 (fetch): 13/26 unresolved
      europe/u18 page 20 (fetch): 7/26 unresolved
      europe/u18 page 25 (fetch): 3/26 unresolved
      europe/u18 page 28 (fetch): 1/26 unresolved
    europe: resolved 37/38 races
  [31/115] 200m women (outdoor, 200-metres): 91 athletes / 91 races
    national (has.hr-derived): 91/91 races ranked
      cro/senior page 1 (fetch): 91/91 unresolved
      cro/senior page 2 (fetch): 53/91 unresolved
      cro/u20 page 1 (fetch): 77/77 unresolved
      cro/u20 page 2 (fetch): 47/77 unresolved
      cro/u18 page 1 (fetch): 69/69 unresolved
      cro/u18 page 2 (fetch): 47/69 unresolved
    presence gate (WA cro list): 39/91 athletes recognized
      world/senior page 1 (fetch): 76/76 unresolved
      world/senior page 5 (fetch): 76/76 unresolved
      world/senior page 10 (fetch): 75/76 unresolved
      world/senior page 15 (fetch): 71/76 unresolved
      world/senior page 20 (fetch): 71/76 unresolved
      world/senior page 25 (fetch): 69/76 unresolved
      world/senior page 30 (fetch): 67/76 unresolved
      world/senior page 35 (fetch): 67/76 unresolved
      world/senior page 40 (fetch): 67/76 unresolved
      world/senior page 45 (fetch): 67/76 unresolved
      world/senior page 50 (fetch): 65/76 unresolved
      world/senior page 55 (fetch): 59/76 unresolved
      world/senior page 60 (fetch): 55/76 unresolved
      world/senior page 65 (fetch): 54/76 unresolved
      world/senior page 70 (fetch): 46/76 unresolved
      world/senior page 75 (fetch): 46/76 unresolved
      world/senior page 80 (fetch): 42/76 unresolved
      world/senior page 85 (fetch): 36/76 unresolved
      world/senior page 90 (fetch): 36/76 unresolved
      world/senior page 95 (fetch): 34/76 unresolved
      world/senior page 100 (fetch): 30/76 unresolved
      world/senior page 105 (fetch): 26/76 unresolved
      world/senior page 110 (fetch): 24/76 unresolved
      world/senior page 115 (fetch): 22/76 unresolved
      world/senior page 120 (fetch): 18/76 unresolved
      world/senior page 125 (fetch): 17/76 unresolved
      world/senior page 130 (fetch): 12/76 unresolved
      world/senior page 135 (fetch): 6/76 unresolved
      world/senior page 140 (fetch): 6/76 unresolved
      world/senior page 145 (fetch): 4/76 unresolved
      world/senior page 150 (fetch): 4/76 unresolved
      world/senior page 154 (fetch): 4/76 unresolved
      world/u20 page 1 (fetch): 30/30 unresolved
      world/u20 page 5 (fetch): 28/30 unresolved
      world/u20 page 10 (fetch): 27/30 unresolved
      world/u20 page 15 (fetch): 26/30 unresolved
      world/u20 page 20 (fetch): 23/30 unresolved
      world/u20 page 25 (fetch): 20/30 unresolved
      world/u20 page 30 (fetch): 15/30 unresolved
      world/u20 page 35 (fetch): 14/30 unresolved
      world/u20 page 40 (fetch): 10/30 unresolved
      world/u20 page 45 (fetch): 9/30 unresolved
      world/u20 page 50 (fetch): 8/30 unresolved
      world/u20 page 55 (fetch): 4/30 unresolved
      world/u20 page 60 (fetch): 1/30 unresolved
      world/u20 page 65 (fetch): 1/30 unresolved
      world/u20 page 68 (fetch): 1/30 unresolved
      world/u18 page 1 (fetch): 23/23 unresolved
      world/u18 page 5 (fetch): 22/23 unresolved
      world/u18 page 10 (fetch): 18/23 unresolved
      world/u18 page 15 (fetch): 11/23 unresolved
      world/u18 page 20 (fetch): 8/23 unresolved
      world/u18 page 25 (fetch): 6/23 unresolved
      world/u18 page 30 (fetch): 3/23 unresolved
      world/u18 page 35 (fetch): 1/23 unresolved
      world/u18 page 38 (fetch): 1/23 unresolved
    world: resolved 37/39 races
      europe/senior page 1 (fetch): 76/76 unresolved
      europe/senior page 5 (fetch): 71/76 unresolved
      europe/senior page 10 (fetch): 67/76 unresolved
      europe/senior page 15 (fetch): 67/76 unresolved
      europe/senior page 20 (fetch): 57/76 unresolved
      europe/senior page 25 (fetch): 46/76 unresolved
      europe/senior page 30 (fetch): 40/76 unresolved
      europe/senior page 35 (fetch): 34/76 unresolved
      europe/senior page 40 (fetch): 26/76 unresolved
      europe/senior page 45 (fetch): 22/76 unresolved
      europe/senior page 50 (fetch): 14/76 unresolved
      europe/senior page 55 (fetch): 6/76 unresolved
      europe/senior page 60 (fetch): 4/76 unresolved
      europe/senior page 63 (fetch): 4/76 unresolved
      europe/u20 page 1 (fetch): 30/30 unresolved
      europe/u20 page 5 (fetch): 27/30 unresolved
      europe/u20 page 10 (fetch): 22/30 unresolved
      europe/u20 page 15 (fetch): 15/30 unresolved
      europe/u20 page 20 (fetch): 10/30 unresolved
      europe/u20 page 25 (fetch): 8/30 unresolved
      europe/u20 page 30 (fetch): 2/30 unresolved
      europe/u20 page 35 (fetch): 1/30 unresolved
      europe/u18 page 1 (fetch): 23/23 unresolved
      europe/u18 page 5 (fetch): 18/23 unresolved
      europe/u18 page 10 (fetch): 9/23 unresolved
      europe/u18 page 15 (fetch): 4/23 unresolved
      europe/u18 page 20 (fetch): 1/23 unresolved
      europe/u18 page 21 (fetch): 1/23 unresolved
    europe: resolved 37/39 races
  [32/115] 300m women (outdoor, 300-metres): 68 athletes / 68 races
    national (has.hr-derived): 68/68 races ranked
      cro/senior page 1 (fetch): 68/68 unresolved
      cro/senior page 2 (fetch): 43/68 unresolved
      cro/u20 page 1 (fetch): 68/68 unresolved
      cro/u20 page 2 (fetch): 43/68 unresolved
      cro/u18 page 1 (fetch): 63/63 unresolved
      cro/u18 page 2 (fetch): 43/63 unresolved
    presence gate (WA cro list): 23/68 athletes recognized
      world/senior page 1 (fetch): 46/46 unresolved
      world/senior page 5 (fetch): 46/46 unresolved
      world/senior page 10 (fetch): 38/46 unresolved
      world/senior page 15 (fetch): 32/46 unresolved
      world/senior page 20 (fetch): 14/46 unresolved
      world/u20 page 1 (fetch): 23/23 unresolved
      world/u20 page 5 (fetch): 18/23 unresolved
      world/u20 page 10 (fetch): 8/23 unresolved
      world/u18 page 1 (fetch): 19/19 unresolved
      world/u18 page 5 (fetch): 10/19 unresolved
    world: resolved 23/23 races
      europe/senior page 1 (fetch): 46/46 unresolved
      europe/senior page 5 (fetch): 40/46 unresolved
      europe/senior page 10 (fetch): 18/46 unresolved
      europe/u20 page 1 (fetch): 23/23 unresolved
      europe/u20 page 5 (fetch): 16/23 unresolved
      europe/u18 page 1 (fetch): 19/19 unresolved
      europe/u18 page 5 (fetch): 7/19 unresolved
    europe: resolved 23/23 races
  [33/115] 400m women (outdoor, 400-metres): 94 athletes / 94 races
    national (has.hr-derived): 94/94 races ranked
      cro/senior page 1 (fetch): 94/94 unresolved
      cro/senior page 2 (fetch): 51/94 unresolved
      cro/u20 page 1 (fetch): 76/76 unresolved
      cro/u20 page 2 (fetch): 44/76 unresolved
      cro/u18 page 1 (fetch): 64/64 unresolved
      cro/u18 page 2 (fetch): 44/64 unresolved
    presence gate (WA cro list): 43/94 athletes recognized
      world/senior page 1 (fetch): 82/82 unresolved
      world/senior page 5 (fetch): 81/82 unresolved
      world/senior page 10 (fetch): 80/82 unresolved
      world/senior page 15 (fetch): 80/82 unresolved
      world/senior page 20 (fetch): 80/82 unresolved
      world/senior page 25 (fetch): 78/82 unresolved
      world/senior page 30 (fetch): 73/82 unresolved
      world/senior page 35 (fetch): 63/82 unresolved
      world/senior page 40 (fetch): 59/82 unresolved
      world/senior page 45 (fetch): 50/82 unresolved
      world/senior page 50 (fetch): 48/82 unresolved
      world/senior page 55 (fetch): 46/82 unresolved
      world/senior page 60 (fetch): 42/82 unresolved
      world/senior page 65 (fetch): 38/82 unresolved
      world/senior page 70 (fetch): 34/82 unresolved
      world/senior page 75 (fetch): 32/82 unresolved
      world/senior page 80 (fetch): 30/82 unresolved
      world/senior page 85 (fetch): 26/82 unresolved
      world/senior page 90 (fetch): 20/82 unresolved
      world/senior page 95 (fetch): 14/82 unresolved
      world/senior page 100 (fetch): 10/82 unresolved
      world/senior page 105 (fetch): 8/82 unresolved
      world/senior page 110 (fetch): 4/82 unresolved
      world/senior page 113 (fetch): 4/82 unresolved
      world/u20 page 1 (fetch): 32/32 unresolved
      world/u20 page 5 (fetch): 32/32 unresolved
      world/u20 page 10 (fetch): 26/32 unresolved
      world/u20 page 15 (fetch): 19/32 unresolved
      world/u20 page 20 (fetch): 18/32 unresolved
      world/u20 page 25 (fetch): 13/32 unresolved
      world/u20 page 30 (fetch): 11/32 unresolved
      world/u20 page 35 (fetch): 10/32 unresolved
      world/u20 page 40 (fetch): 5/32 unresolved
      world/u20 page 45 (fetch): 2/32 unresolved
      world/u18 page 1 (fetch): 20/20 unresolved
      world/u18 page 5 (fetch): 16/20 unresolved
      world/u18 page 10 (fetch): 12/20 unresolved
      world/u18 page 15 (fetch): 8/20 unresolved
      world/u18 page 20 (fetch): 5/20 unresolved
      world/u18 page 25 (fetch): 1/20 unresolved
    world: resolved 41/43 races
      europe/senior page 1 (fetch): 82/82 unresolved
      europe/senior page 5 (fetch): 80/82 unresolved
      europe/senior page 10 (fetch): 75/82 unresolved
      europe/senior page 15 (fetch): 59/82 unresolved
      europe/senior page 20 (fetch): 46/82 unresolved
      europe/senior page 25 (fetch): 34/82 unresolved
      europe/senior page 30 (fetch): 30/82 unresolved
      europe/senior page 35 (fetch): 20/82 unresolved
      europe/senior page 40 (fetch): 8/82 unresolved
      europe/senior page 45 (fetch): 4/82 unresolved
      europe/u20 page 1 (fetch): 32/32 unresolved
      europe/u20 page 5 (fetch): 25/32 unresolved
      europe/u20 page 10 (fetch): 14/32 unresolved
      europe/u20 page 15 (fetch): 11/32 unresolved
      europe/u20 page 20 (fetch): 3/32 unresolved
      europe/u18 page 1 (fetch): 20/20 unresolved
      europe/u18 page 5 (fetch): 11/20 unresolved
      europe/u18 page 10 (fetch): 5/20 unresolved
    europe: resolved 41/43 races
  [34/115] 600m women (outdoor, 600-metres): 64 athletes / 64 races
    national (has.hr-derived): 64/64 races ranked
      cro/senior page 1 (fetch): 64/64 unresolved
      cro/senior page 2 (fetch): 52/64 unresolved
      cro/u20 page 1 (fetch): 64/64 unresolved
      cro/u20 page 2 (fetch): 52/64 unresolved
      cro/u18 page 1 (fetch): 62/62 unresolved
      cro/u18 page 2 (fetch): 51/62 unresolved
    presence gate (WA cro list): 11/64 athletes recognized
      world/senior page 1 (fetch): 22/22 unresolved
      world/senior page 5 (fetch): 18/22 unresolved
      world/senior page 10 (fetch): 4/22 unresolved
      world/senior page 14 (fetch): 2/22 unresolved
      world/u20 page 1 (fetch): 11/11 unresolved
      world/u20 page 5 (fetch): 1/11 unresolved
      world/u20 page 6 (fetch): 1/11 unresolved
      world/u18 page 1 (fetch): 10/10 unresolved
      world/u18 page 5 (fetch): 1/10 unresolved
    world: resolved 10/11 races
      europe/senior page 1 (fetch): 22/22 unresolved
      europe/senior page 5 (fetch): 4/22 unresolved
      europe/senior page 8 (fetch): 2/22 unresolved
      europe/u20 page 1 (fetch): 11/11 unresolved
      europe/u20 page 5 (fetch): 1/11 unresolved
      europe/u18 page 1 (fetch): 10/10 unresolved
      europe/u18 page 4 (fetch): 1/10 unresolved
    europe: resolved 10/11 races
  [35/115] 800m women (outdoor, 800-metres): 83 athletes / 83 races
    national (has.hr-derived): 83/83 races ranked
      cro/senior page 1 (fetch): 83/83 unresolved
      cro/senior page 2 (fetch): 52/83 unresolved
      cro/u20 page 1 (fetch): 65/65 unresolved
      cro/u20 page 2 (fetch): 44/65 unresolved
      cro/u18 page 1 (fetch): 57/57 unresolved
      cro/u18 page 2 (fetch): 41/57 unresolved
    presence gate (WA cro list): 31/83 athletes recognized
      world/senior page 1 (fetch): 59/59 unresolved
      world/senior page 5 (fetch): 58/59 unresolved
      world/senior page 10 (fetch): 55/59 unresolved
      world/senior page 15 (fetch): 47/59 unresolved
      world/senior page 20 (fetch): 43/59 unresolved
      world/senior page 25 (fetch): 43/59 unresolved
      world/senior page 30 (fetch): 39/59 unresolved
      world/senior page 35 (fetch): 38/59 unresolved
      world/senior page 40 (fetch): 30/59 unresolved
      world/senior page 45 (fetch): 30/59 unresolved
      world/senior page 50 (fetch): 30/59 unresolved
      world/senior page 55 (fetch): 26/59 unresolved
      world/senior page 60 (fetch): 20/59 unresolved
      world/senior page 65 (fetch): 16/59 unresolved
      world/senior page 70 (fetch): 14/59 unresolved
      world/senior page 75 (fetch): 12/59 unresolved
      world/senior page 80 (fetch): 10/59 unresolved
      world/senior page 85 (fetch): 8/59 unresolved
      world/senior page 90 (fetch): 4/59 unresolved
      world/senior page 95 (fetch): 2/59 unresolved
      world/senior page 96 (fetch): 2/59 unresolved
      world/u20 page 1 (fetch): 20/20 unresolved
      world/u20 page 5 (fetch): 17/20 unresolved
      world/u20 page 10 (fetch): 15/20 unresolved
      world/u20 page 15 (fetch): 11/20 unresolved
      world/u20 page 20 (fetch): 9/20 unresolved
      world/u20 page 25 (fetch): 5/20 unresolved
      world/u20 page 30 (fetch): 4/20 unresolved
      world/u20 page 35 (fetch): 1/20 unresolved
      world/u18 page 1 (fetch): 15/15 unresolved
      world/u18 page 5 (fetch): 11/15 unresolved
      world/u18 page 10 (fetch): 8/15 unresolved
      world/u18 page 15 (fetch): 4/15 unresolved
      world/u18 page 20 (fetch): 1/15 unresolved
    world: resolved 30/31 races
      europe/senior page 1 (fetch): 59/59 unresolved
      europe/senior page 5 (fetch): 55/59 unresolved
      europe/senior page 10 (fetch): 43/59 unresolved
      europe/senior page 15 (fetch): 38/59 unresolved
      europe/senior page 20 (fetch): 30/59 unresolved
      europe/senior page 25 (fetch): 22/59 unresolved
      europe/senior page 30 (fetch): 14/59 unresolved
      europe/senior page 35 (fetch): 8/59 unresolved
      europe/senior page 40 (fetch): 2/59 unresolved
      europe/senior page 41 (fetch): 2/59 unresolved
      europe/u20 page 1 (fetch): 20/20 unresolved
      europe/u20 page 5 (fetch): 15/20 unresolved
      europe/u20 page 10 (fetch): 10/20 unresolved
      europe/u20 page 15 (fetch): 5/20 unresolved
      europe/u18 page 1 (fetch): 15/15 unresolved
      europe/u18 page 5 (fetch): 8/15 unresolved
      europe/u18 page 10 (fetch): 2/15 unresolved
    europe: resolved 30/31 races
  [36/115] 1000m women (outdoor, 1000-metres): 36 athletes / 36 races
    national (has.hr-derived): 36/36 races ranked
      cro/senior page 1 (fetch): 36/36 unresolved
      cro/senior page 2 (fetch): 29/36 unresolved
      cro/u20 page 1 (fetch): 34/34 unresolved
      cro/u20 page 2 (fetch): 29/34 unresolved
      cro/u18 page 1 (fetch): 34/34 unresolved
      cro/u18 page 2 (fetch): 29/34 unresolved
    presence gate (WA cro list): 6/36 athletes recognized
      world/senior page 1 (fetch): 12/12 unresolved
      world/senior page 5 (fetch): 8/12 unresolved
      world/senior page 10 (fetch): 4/12 unresolved
      world/u20 page 1 (fetch): 4/4 unresolved
      world/u18 page 1 (fetch): 4/4 unresolved
    world: resolved 6/6 races
      europe/senior page 1 (fetch): 12/12 unresolved
      europe/senior page 5 (fetch): 2/12 unresolved
      europe/u20 page 1 (fetch): 4/4 unresolved
      europe/u18 page 1 (fetch): 4/4 unresolved
    europe: resolved 6/6 races
  [37/115] 1500m women (outdoor, 1500-metres): 54 athletes / 54 races
    national (has.hr-derived): 54/54 races ranked
      cro/senior page 1 (fetch): 54/54 unresolved
      cro/senior page 2 (fetch): 28/54 unresolved
      cro/u20 page 1 (fetch): 41/41 unresolved
      cro/u20 page 2 (fetch): 28/41 unresolved
      cro/u18 page 1 (fetch): 36/36 unresolved
      cro/u18 page 2 (fetch): 25/36 unresolved
    presence gate (WA cro list): 28/54 athletes recognized
      world/senior page 1 (fetch): 52/52 unresolved
      world/senior page 5 (fetch): 52/52 unresolved
      world/senior page 10 (fetch): 45/52 unresolved
      world/senior page 15 (fetch): 44/52 unresolved
      world/senior page 20 (fetch): 40/52 unresolved
      world/senior page 25 (fetch): 38/52 unresolved
      world/senior page 30 (fetch): 38/52 unresolved
      world/senior page 35 (fetch): 33/52 unresolved
      world/senior page 40 (fetch): 30/52 unresolved
      world/senior page 45 (fetch): 28/52 unresolved
      world/senior page 50 (fetch): 24/52 unresolved
      world/senior page 55 (fetch): 20/52 unresolved
      world/senior page 60 (fetch): 14/52 unresolved
      world/senior page 65 (fetch): 14/52 unresolved
      world/senior page 70 (fetch): 14/52 unresolved
      world/senior page 75 (fetch): 12/52 unresolved
      world/senior page 80 (fetch): 8/52 unresolved
      world/senior page 85 (fetch): 6/52 unresolved
      world/senior page 90 (fetch): 2/52 unresolved
      world/senior page 91 (fetch): 2/52 unresolved
      world/u20 page 1 (fetch): 15/15 unresolved
      world/u20 page 5 (fetch): 14/15 unresolved
      world/u20 page 10 (fetch): 11/15 unresolved
      world/u20 page 15 (fetch): 7/15 unresolved
      world/u20 page 20 (fetch): 7/15 unresolved
      world/u20 page 25 (fetch): 4/15 unresolved
      world/u20 page 30 (fetch): 2/15 unresolved
      world/u20 page 31 (fetch): 1/15 unresolved
      world/u18 page 1 (fetch): 13/13 unresolved
      world/u18 page 5 (fetch): 10/13 unresolved
      world/u18 page 10 (fetch): 7/13 unresolved
      world/u18 page 15 (fetch): 4/13 unresolved
      world/u18 page 18 (fetch): 1/13 unresolved
    world: resolved 27/28 races
      europe/senior page 1 (fetch): 52/52 unresolved
      europe/senior page 5 (fetch): 45/52 unresolved
      europe/senior page 10 (fetch): 38/52 unresolved
      europe/senior page 15 (fetch): 30/52 unresolved
      europe/senior page 20 (fetch): 24/52 unresolved
      europe/senior page 25 (fetch): 14/52 unresolved
      europe/senior page 30 (fetch): 12/52 unresolved
      europe/senior page 35 (fetch): 6/52 unresolved
      europe/senior page 38 (fetch): 2/52 unresolved
      europe/u20 page 1 (fetch): 15/15 unresolved
      europe/u20 page 5 (fetch): 11/15 unresolved
      europe/u20 page 10 (fetch): 7/15 unresolved
      europe/u20 page 15 (fetch): 2/15 unresolved
      europe/u20 page 17 (fetch): 1/15 unresolved
      europe/u18 page 1 (fetch): 13/13 unresolved
      europe/u18 page 5 (fetch): 7/13 unresolved
      europe/u18 page 10 (fetch): 1/13 unresolved
    europe: resolved 27/28 races
  [38/115] 2000m women (outdoor, 2000-metres): 11 athletes / 11 races
    national (has.hr-derived): 11/11 races ranked
      cro/senior page 1 (fetch): 11/11 unresolved
      cro/senior page 2 (fetch): 9/11 unresolved
      cro/u20 page 1 (fetch): 11/11 unresolved
      cro/u20 page 2 (fetch): 9/11 unresolved
      cro/u18 page 1 (fetch): 11/11 unresolved
      cro/u18 page 2 (fetch): 9/11 unresolved
    presence gate (WA cro list): 1/11 athletes recognized
      world/senior page 1 (fetch): 2/2 unresolved
      world/u20 page 1 (fetch): 1/1 unresolved
      world/u18 page 1 (fetch): 1/1 unresolved
    world: resolved 1/1 races
      europe/senior page 1 (fetch): 2/2 unresolved
      europe/u20 page 1 (fetch): 1/1 unresolved
      europe/u18 page 1 (fetch): 1/1 unresolved
    europe: resolved 1/1 races
  [39/115] 3000m women (outdoor, 3000-metres): 36 athletes / 36 races
    national (has.hr-derived): 36/36 races ranked
      cro/senior page 1 (fetch): 36/36 unresolved
      cro/senior page 2 (fetch): 24/36 unresolved
      cro/u20 page 1 (fetch): 23/23 unresolved
      cro/u20 page 2 (fetch): 20/23 unresolved
      cro/u18 page 1 (fetch): 19/19 unresolved
      cro/u18 page 2 (fetch): 16/19 unresolved
    presence gate (WA cro list): 13/36 athletes recognized
      world/senior page 1 (fetch): 21/21 unresolved
      world/senior page 5 (fetch): 21/21 unresolved
      world/senior page 10 (fetch): 20/21 unresolved
      world/senior page 15 (fetch): 19/21 unresolved
      world/senior page 20 (fetch): 17/21 unresolved
      world/senior page 25 (fetch): 11/21 unresolved
      world/senior page 30 (fetch): 11/21 unresolved
      world/senior page 35 (fetch): 11/21 unresolved
      world/senior page 40 (fetch): 6/21 unresolved
      world/senior page 45 (fetch): 6/21 unresolved
      world/senior page 50 (fetch): 6/21 unresolved
      world/u20 page 1 (fetch): 3/3 unresolved
      world/u20 page 5 (fetch): 2/3 unresolved
      world/u20 page 10 (fetch): 2/3 unresolved
      world/u20 page 15 (fetch): 1/3 unresolved
      world/u18 page 1 (fetch): 3/3 unresolved
      world/u18 page 5 (fetch): 2/3 unresolved
    world: resolved 13/13 races
      europe/senior page 1 (fetch): 21/21 unresolved
      europe/senior page 5 (fetch): 19/21 unresolved
      europe/senior page 10 (fetch): 11/21 unresolved
      europe/senior page 15 (fetch): 7/21 unresolved
      europe/senior page 20 (fetch): 6/21 unresolved
      europe/u20 page 1 (fetch): 3/3 unresolved
      europe/u20 page 5 (fetch): 2/3 unresolved
      europe/u18 page 1 (fetch): 3/3 unresolved
    europe: resolved 13/13 races
  [40/115] 3000 m hodanje women (outdoor, 3000-metres-race-walk): 6 athletes / 6 races
    national (has.hr-derived): 6/6 races ranked
      cro/senior page 1 (fetch): 6/6 unresolved
      cro/senior page 2 (fetch): 6/6 unresolved
      cro/u20 page 1 (fetch): 6/6 unresolved
      cro/u20 page 2 (fetch): 6/6 unresolved
      cro/u18 page 1 (fetch): 6/6 unresolved
      cro/u18 page 2 (fetch): 6/6 unresolved
    presence gate (WA cro list): 0/6 athletes recognized
  [41/115] 5000 m hodanje women (outdoor, 5000-metres-race-walk): 7 athletes / 7 races
    national (has.hr-derived): 7/7 races ranked
      cro/senior page 1 (fetch): 7/7 unresolved
      cro/senior page 2 (fetch): 3/7 unresolved
      cro/u20 page 1 (fetch): 6/6 unresolved
      cro/u20 page 2 (fetch): 3/6 unresolved
      cro/u18 page 1 (fetch): 3/3 unresolved
      cro/u18 page 2 (fetch): 1/3 unresolved
    presence gate (WA cro list): 4/7 athletes recognized
      world/senior page 1 (fetch): 8/8 unresolved
      world/senior page 5 (fetch): 2/8 unresolved
      world/u20 page 1 (fetch): 3/3 unresolved
      world/u18 page 1 (fetch): 2/2 unresolved
    world: resolved 4/4 races
      europe/senior page 1 (fetch): 8/8 unresolved
      europe/u20 page 1 (fetch): 3/3 unresolved
      europe/u18 page 1 (fetch): 2/2 unresolved
    europe: resolved 4/4 races
  [42/115] Dalj women (outdoor, long-jump): 66 athletes / 66 races
    national (has.hr-derived): 66/66 races ranked
      cro/senior page 1 (fetch): 66/66 unresolved
      cro/senior page 2 (fetch): 27/66 unresolved
      cro/u20 page 1 (fetch): 54/54 unresolved
      cro/u20 page 2 (fetch): 22/54 unresolved
      cro/u18 page 1 (fetch): 43/43 unresolved
      cro/u18 page 2 (fetch): 22/43 unresolved
    presence gate (WA cro list): 36/66 athletes recognized
      world/senior page 1 (fetch): 70/70 unresolved
      world/senior page 5 (fetch): 67/70 unresolved
      world/senior page 10 (fetch): 60/70 unresolved
      world/senior page 15 (fetch): 56/70 unresolved
      world/senior page 20 (fetch): 56/70 unresolved
      world/senior page 25 (fetch): 56/70 unresolved
      world/senior page 30 (fetch): 52/70 unresolved
      world/senior page 35 (fetch): 46/70 unresolved
      world/senior page 40 (fetch): 46/70 unresolved
      world/senior page 45 (fetch): 38/70 unresolved
      world/senior page 50 (fetch): 36/70 unresolved
      world/senior page 55 (fetch): 32/70 unresolved
      world/senior page 60 (fetch): 30/70 unresolved
      world/senior page 65 (fetch): 24/70 unresolved
      world/senior page 70 (fetch): 14/70 unresolved
      world/senior page 75 (fetch): 14/70 unresolved
      world/senior page 80 (fetch): 10/70 unresolved
      world/senior page 85 (fetch): 10/70 unresolved
      world/senior page 90 (fetch): 8/70 unresolved
      world/senior page 95 (fetch): 6/70 unresolved
      world/senior page 100 (fetch): 4/70 unresolved
      world/senior page 105 (fetch): 4/70 unresolved
      world/u20 page 1 (fetch): 30/30 unresolved
      world/u20 page 5 (fetch): 26/30 unresolved
      world/u20 page 10 (fetch): 24/30 unresolved
      world/u20 page 15 (fetch): 21/30 unresolved
      world/u20 page 20 (fetch): 16/30 unresolved
      world/u20 page 25 (fetch): 13/30 unresolved
      world/u20 page 30 (fetch): 7/30 unresolved
      world/u20 page 35 (fetch): 5/30 unresolved
      world/u20 page 40 (fetch): 5/30 unresolved
      world/u20 page 45 (fetch): 4/30 unresolved
      world/u20 page 50 (fetch): 2/30 unresolved
      world/u18 page 1 (fetch): 19/19 unresolved
      world/u18 page 5 (fetch): 16/19 unresolved
      world/u18 page 10 (fetch): 13/19 unresolved
      world/u18 page 15 (fetch): 9/19 unresolved
      world/u18 page 20 (fetch): 4/19 unresolved
      world/u18 page 25 (fetch): 4/19 unresolved
      world/u18 page 30 (fetch): 2/19 unresolved
    world: resolved 36/36 races
      europe/senior page 1 (fetch): 70/70 unresolved
      europe/senior page 5 (fetch): 60/70 unresolved
      europe/senior page 10 (fetch): 56/70 unresolved
      europe/senior page 15 (fetch): 50/70 unresolved
      europe/senior page 20 (fetch): 42/70 unresolved
      europe/senior page 25 (fetch): 34/70 unresolved
      europe/senior page 30 (fetch): 26/70 unresolved
      europe/senior page 35 (fetch): 14/70 unresolved
      europe/senior page 40 (fetch): 10/70 unresolved
      europe/senior page 45 (fetch): 8/70 unresolved
      europe/senior page 50 (fetch): 6/70 unresolved
      europe/senior page 55 (fetch): 2/70 unresolved
      europe/u20 page 1 (fetch): 30/30 unresolved
      europe/u20 page 5 (fetch): 26/30 unresolved
      europe/u20 page 10 (fetch): 21/30 unresolved
      europe/u20 page 15 (fetch): 16/30 unresolved
      europe/u20 page 20 (fetch): 7/30 unresolved
      europe/u20 page 25 (fetch): 5/30 unresolved
      europe/u20 page 30 (fetch): 4/30 unresolved
      europe/u20 page 35 (fetch): 2/30 unresolved
      europe/u18 page 1 (fetch): 19/19 unresolved
      europe/u18 page 5 (fetch): 16/19 unresolved
      europe/u18 page 10 (fetch): 9/19 unresolved
      europe/u18 page 15 (fetch): 4/19 unresolved
      europe/u18 page 20 (fetch): 2/19 unresolved
    europe: resolved 36/36 races
  [43/115] Vis women (outdoor, high-jump): 78 athletes / 78 races
    national (has.hr-derived): 78/78 races ranked
      cro/senior page 1 (fetch): 78/78 unresolved
      cro/senior page 2 (fetch): 54/78 unresolved
      cro/u20 page 1 (fetch): 72/72 unresolved
      cro/u20 page 2 (fetch): 52/72 unresolved
      cro/u18 page 1 (fetch): 67/67 unresolved
      cro/u18 page 2 (fetch): 50/67 unresolved
    presence gate (WA cro list): 24/78 athletes recognized
      world/senior page 1 (fetch): 46/46 unresolved
      world/senior page 5 (fetch): 41/46 unresolved
      world/senior page 10 (fetch): 39/46 unresolved
      world/senior page 15 (fetch): 39/46 unresolved
      world/senior page 20 (fetch): 38/46 unresolved
      world/senior page 25 (fetch): 38/46 unresolved
      world/senior page 30 (fetch): 36/46 unresolved
      world/senior page 35 (fetch): 20/46 unresolved
      world/senior page 40 (fetch): 20/46 unresolved
      world/senior page 45 (fetch): 18/46 unresolved
      world/senior page 50 (fetch): 18/46 unresolved
      world/senior page 55 (fetch): 6/46 unresolved
      world/senior page 59 (fetch): 6/46 unresolved
      world/u20 page 1 (fetch): 20/20 unresolved
      world/u20 page 5 (fetch): 19/20 unresolved
      world/u20 page 10 (fetch): 19/20 unresolved
      world/u20 page 15 (fetch): 10/20 unresolved
      world/u20 page 20 (fetch): 10/20 unresolved
      world/u20 page 25 (fetch): 3/20 unresolved
      world/u20 page 30 (fetch): 3/20 unresolved
      world/u18 page 1 (fetch): 18/18 unresolved
      world/u18 page 5 (fetch): 18/18 unresolved
      world/u18 page 10 (fetch): 10/18 unresolved
      world/u18 page 15 (fetch): 9/18 unresolved
      world/u18 page 19 (fetch): 3/18 unresolved
    world: resolved 21/24 races
      europe/senior page 1 (fetch): 46/46 unresolved
      europe/senior page 5 (fetch): 39/46 unresolved
      europe/senior page 10 (fetch): 38/46 unresolved
      europe/senior page 15 (fetch): 36/46 unresolved
      europe/senior page 20 (fetch): 20/46 unresolved
      europe/senior page 25 (fetch): 18/46 unresolved
      europe/senior page 30 (fetch): 6/46 unresolved
      europe/senior page 31 (fetch): 6/46 unresolved
      europe/u20 page 1 (fetch): 20/20 unresolved
      europe/u20 page 5 (fetch): 19/20 unresolved
      europe/u20 page 10 (fetch): 10/20 unresolved
      europe/u20 page 15 (fetch): 9/20 unresolved
      europe/u20 page 20 (fetch): 3/20 unresolved
      europe/u18 page 1 (fetch): 18/18 unresolved
      europe/u18 page 5 (fetch): 17/18 unresolved
      europe/u18 page 10 (fetch): 9/18 unresolved
      europe/u18 page 14 (fetch): 3/18 unresolved
    europe: resolved 21/24 races
  [44/115] Motka women (outdoor, pole-vault): 26 athletes / 26 races
    national (has.hr-derived): 26/26 races ranked
      cro/senior page 1 (fetch): 26/26 unresolved
      cro/senior page 2 (fetch): 22/26 unresolved
      cro/u20 page 1 (fetch): 23/23 unresolved
      cro/u20 page 2 (fetch): 21/23 unresolved
      cro/u18 page 1 (fetch): 19/19 unresolved
      cro/u18 page 2 (fetch): 18/19 unresolved
    presence gate (WA cro list): 5/26 athletes recognized
      world/senior page 1 (fetch): 8/8 unresolved
      world/senior page 5 (fetch): 8/8 unresolved
      world/senior page 10 (fetch): 8/8 unresolved
      world/senior page 15 (fetch): 8/8 unresolved
      world/senior page 20 (fetch): 8/8 unresolved
      world/senior page 25 (fetch): 2/8 unresolved
      world/senior page 26 (fetch): 2/8 unresolved
      world/u20 page 1 (fetch): 3/3 unresolved
      world/u20 page 5 (fetch): 3/3 unresolved
      world/u20 page 10 (fetch): 1/3 unresolved
      world/u18 page 1 (fetch): 2/2 unresolved
      world/u18 page 5 (fetch): 1/2 unresolved
    world: resolved 4/5 races
      europe/senior page 1 (fetch): 8/8 unresolved
      europe/senior page 5 (fetch): 8/8 unresolved
      europe/senior page 10 (fetch): 2/8 unresolved
      europe/senior page 11 (fetch): 2/8 unresolved
      europe/u20 page 1 (fetch): 3/3 unresolved
      europe/u20 page 5 (fetch): 1/3 unresolved
      europe/u20 page 6 (fetch): 1/3 unresolved
      europe/u18 page 1 (fetch): 2/2 unresolved
      europe/u18 page 4 (fetch): 1/2 unresolved
    europe: resolved 4/5 races
  [45/115] Disk women (outdoor, discus-throw): 54 athletes / 54 races
    national (has.hr-derived): 54/54 races ranked
      cro/senior page 1 (fetch): 54/54 unresolved
      cro/senior page 2 (fetch): 42/54 unresolved
      cro/u20 page 1 (fetch): 45/45 unresolved
      cro/u20 page 2 (fetch): 40/45 unresolved
      cro/u18 page 1 (fetch): 36/36 unresolved
      cro/u18 page 2 (fetch): 33/36 unresolved
    presence gate (WA cro list): 12/54 athletes recognized
      world/senior page 1 (fetch): 20/20 unresolved
      world/senior page 5 (fetch): 13/20 unresolved
      world/senior page 10 (fetch): 11/20 unresolved
      world/senior page 15 (fetch): 5/20 unresolved
      world/senior page 20 (fetch): 1/20 unresolved
      world/u20 page 1 (fetch): 5/5 unresolved
      world/u20 page 5 (fetch): 2/5 unresolved
      world/u18 page 1 (fetch): 3/3 unresolved
    world: resolved 12/12 races
      europe/senior page 1 (fetch): 20/20 unresolved
      europe/senior page 5 (fetch): 9/20 unresolved
      europe/u20 page 1 (fetch): 5/5 unresolved
      europe/u18 page 1 (fetch): 3/3 unresolved
    europe: resolved 12/12 races
  [46/115] Koplje women (outdoor, javelin-throw): 42 athletes / 42 races
    national (has.hr-derived): 42/42 races ranked
      cro/senior page 1 (fetch): 42/42 unresolved
      cro/senior page 2 (fetch): 28/42 unresolved
      cro/u20 page 1 (fetch): 31/31 unresolved
      cro/u20 page 2 (fetch): 25/31 unresolved
      cro/u18 page 1 (fetch): 23/23 unresolved
      cro/u18 page 2 (fetch): 19/23 unresolved
    presence gate (WA cro list): 13/42 athletes recognized
      world/senior page 1 (fetch): 22/22 unresolved
      world/senior page 5 (fetch): 15/22 unresolved
      world/senior page 10 (fetch): 13/22 unresolved
      world/senior page 15 (fetch): 8/22 unresolved
      world/senior page 20 (fetch): 2/22 unresolved
      world/u20 page 1 (fetch): 6/6 unresolved
      world/u20 page 5 (fetch): 2/6 unresolved
      world/u18 page 1 (fetch): 4/4 unresolved
    world: resolved 13/13 races
      europe/senior page 1 (fetch): 22/22 unresolved
      europe/senior page 5 (fetch): 11/22 unresolved
      europe/u20 page 1 (fetch): 6/6 unresolved
      europe/u18 page 1 (fetch): 4/4 unresolved
    europe: resolved 13/13 races
  [47/115] 60m women (indoor, 60-metres): 99 athletes / 99 races
    national (has.hr-derived): 99/99 races ranked
      cro/senior page 1 (fetch): 99/99 unresolved
      cro/senior page 2 (fetch): 46/99 unresolved
      cro/u20 page 1 (fetch): 86/86 unresolved
      cro/u20 page 2 (fetch): 46/86 unresolved
      cro/u18 page 1 (fetch): 75/75 unresolved
      cro/u18 page 2 (fetch): 46/75 unresolved
    presence gate (WA cro list): 47/99 athletes recognized
      world/senior page 1 (fetch): 91/91 unresolved
      world/senior page 5 (fetch): 91/91 unresolved
      world/senior page 10 (fetch): 87/91 unresolved
      world/senior page 15 (fetch): 85/91 unresolved
      world/senior page 20 (fetch): 78/91 unresolved
      world/senior page 25 (fetch): 76/91 unresolved
      world/senior page 30 (fetch): 73/91 unresolved
      world/senior page 35 (fetch): 71/91 unresolved
      world/senior page 40 (fetch): 67/91 unresolved
      world/senior page 45 (fetch): 63/91 unresolved
      world/senior page 50 (fetch): 63/91 unresolved
      world/senior page 55 (fetch): 50/91 unresolved
      world/senior page 60 (fetch): 38/91 unresolved
      world/senior page 65 (fetch): 32/91 unresolved
      world/senior page 70 (fetch): 32/91 unresolved
      world/senior page 75 (fetch): 26/91 unresolved
      world/senior page 80 (fetch): 20/91 unresolved
      world/senior page 85 (fetch): 20/91 unresolved
      world/senior page 90 (fetch): 20/91 unresolved
      world/senior page 95 (fetch): 16/91 unresolved
      world/senior page 100 (fetch): 10/91 unresolved
      world/senior page 105 (fetch): 10/91 unresolved
      world/senior page 110 (fetch): 6/91 unresolved
      world/senior page 115 (fetch): 2/91 unresolved
      world/senior page 120 (fetch): 2/91 unresolved
      world/senior page 123 (fetch): 2/91 unresolved
      world/u20 page 1 (fetch): 35/35 unresolved
      world/u20 page 5 (fetch): 33/35 unresolved
      world/u20 page 10 (fetch): 31/35 unresolved
      world/u20 page 15 (fetch): 28/35 unresolved
      world/u20 page 20 (fetch): 24/35 unresolved
      world/u20 page 25 (fetch): 16/35 unresolved
      world/u20 page 30 (fetch): 14/35 unresolved
      world/u20 page 35 (fetch): 10/35 unresolved
      world/u20 page 40 (fetch): 10/35 unresolved
      world/u20 page 45 (fetch): 6/35 unresolved
      world/u20 page 50 (fetch): 5/35 unresolved
      world/u20 page 55 (fetch): 2/35 unresolved
      world/u20 page 60 (fetch): 1/35 unresolved
      world/u20 page 63 (fetch): 1/35 unresolved
      world/u18 page 1 (fetch): 26/26 unresolved
      world/u18 page 5 (fetch): 24/26 unresolved
      world/u18 page 10 (fetch): 19/26 unresolved
      world/u18 page 15 (fetch): 13/26 unresolved
      world/u18 page 20 (fetch): 9/26 unresolved
      world/u18 page 25 (fetch): 8/26 unresolved
      world/u18 page 30 (fetch): 5/26 unresolved
      world/u18 page 35 (fetch): 1/26 unresolved
      world/u18 page 39 (fetch): 1/26 unresolved
    world: resolved 46/47 races
      europe/senior page 1 (fetch): 91/91 unresolved
      europe/senior page 5 (fetch): 87/91 unresolved
      europe/senior page 10 (fetch): 76/91 unresolved
      europe/senior page 15 (fetch): 71/91 unresolved
      europe/senior page 20 (fetch): 67/91 unresolved
      europe/senior page 25 (fetch): 63/91 unresolved
      europe/senior page 30 (fetch): 50/91 unresolved
      europe/senior page 35 (fetch): 32/91 unresolved
      europe/senior page 40 (fetch): 28/91 unresolved
      europe/senior page 45 (fetch): 20/91 unresolved
      europe/senior page 50 (fetch): 20/91 unresolved
      europe/senior page 55 (fetch): 16/91 unresolved
      europe/senior page 60 (fetch): 10/91 unresolved
      europe/senior page 65 (fetch): 6/91 unresolved
      europe/senior page 70 (fetch): 2/91 unresolved
      europe/senior page 75 (fetch): 2/91 unresolved
      europe/u20 page 1 (fetch): 35/35 unresolved
      europe/u20 page 5 (fetch): 32/35 unresolved
      europe/u20 page 10 (fetch): 30/35 unresolved
      europe/u20 page 15 (fetch): 24/35 unresolved
      europe/u20 page 20 (fetch): 16/35 unresolved
      europe/u20 page 25 (fetch): 10/35 unresolved
      europe/u20 page 30 (fetch): 10/35 unresolved
      europe/u20 page 35 (fetch): 5/35 unresolved
      europe/u20 page 40 (fetch): 5/35 unresolved
      europe/u20 page 45 (fetch): 1/35 unresolved
      europe/u20 page 49 (fetch): 1/35 unresolved
      europe/u18 page 1 (fetch): 26/26 unresolved
      europe/u18 page 5 (fetch): 23/26 unresolved
      europe/u18 page 10 (fetch): 13/26 unresolved
      europe/u18 page 15 (fetch): 9/26 unresolved
      europe/u18 page 20 (fetch): 9/26 unresolved
      europe/u18 page 25 (fetch): 5/26 unresolved
      europe/u18 page 30 (fetch): 1/26 unresolved
      europe/u18 page 33 (fetch): 1/26 unresolved
    europe: resolved 46/47 races
  [48/115] 200m women (indoor, 200-metres-short-track): 83 athletes / 83 races
    national (has.hr-derived): 83/83 races ranked
      cro/senior page 1 (fetch): 83/83 unresolved
      cro/senior page 2 (fetch): 49/83 unresolved
      cro/u20 page 1 (fetch): 70/70 unresolved
      cro/u20 page 2 (fetch): 49/70 unresolved
      cro/u18 page 1 (fetch): 62/62 unresolved
      cro/u18 page 2 (fetch): 48/62 unresolved
    presence gate (WA cro list): 31/83 athletes recognized
      world/senior page 1 (fetch): 60/60 unresolved
      world/senior page 5 (fetch): 59/60 unresolved
      world/senior page 10 (fetch): 57/60 unresolved
      world/senior page 15 (fetch): 53/60 unresolved
      world/senior page 20 (fetch): 51/60 unresolved
      world/senior page 25 (fetch): 48/60 unresolved
      world/senior page 30 (fetch): 46/60 unresolved
      world/senior page 35 (fetch): 44/60 unresolved
      world/senior page 40 (fetch): 38/60 unresolved
      world/senior page 45 (fetch): 32/60 unresolved
      world/senior page 50 (fetch): 24/60 unresolved
      world/senior page 55 (fetch): 16/60 unresolved
      world/senior page 60 (fetch): 14/60 unresolved
      world/senior page 65 (fetch): 12/60 unresolved
      world/senior page 70 (fetch): 4/60 unresolved
      world/senior page 75 (fetch): 2/60 unresolved
      world/u20 page 1 (fetch): 20/20 unresolved
      world/u20 page 5 (fetch): 18/20 unresolved
      world/u20 page 10 (fetch): 17/20 unresolved
      world/u20 page 15 (fetch): 12/20 unresolved
      world/u20 page 20 (fetch): 8/20 unresolved
      world/u20 page 25 (fetch): 5/20 unresolved
      world/u20 page 30 (fetch): 2/20 unresolved
      world/u18 page 1 (fetch): 13/13 unresolved
      world/u18 page 5 (fetch): 12/13 unresolved
      world/u18 page 10 (fetch): 5/13 unresolved
      world/u18 page 15 (fetch): 1/13 unresolved
    world: resolved 31/31 races
      europe/senior page 1 (fetch): 60/60 unresolved
      europe/senior page 5 (fetch): 55/60 unresolved
      europe/senior page 10 (fetch): 48/60 unresolved
      europe/senior page 15 (fetch): 44/60 unresolved
      europe/senior page 20 (fetch): 32/60 unresolved
      europe/senior page 25 (fetch): 20/60 unresolved
      europe/senior page 30 (fetch): 12/60 unresolved
      europe/senior page 35 (fetch): 4/60 unresolved
      europe/u20 page 1 (fetch): 20/20 unresolved
      europe/u20 page 5 (fetch): 18/20 unresolved
      europe/u20 page 10 (fetch): 12/20 unresolved
      europe/u20 page 15 (fetch): 7/20 unresolved
      europe/u20 page 20 (fetch): 3/20 unresolved
      europe/u18 page 1 (fetch): 13/13 unresolved
      europe/u18 page 5 (fetch): 7/13 unresolved
      europe/u18 page 10 (fetch): 3/13 unresolved
    europe: resolved 31/31 races
  [49/115] 300m women (indoor, 300-metres-short-track): 49 athletes / 49 races
    national (has.hr-derived): 49/49 races ranked
      cro/senior page 1 (fetch): 49/49 unresolved
      cro/senior page 2 (fetch): 24/49 unresolved
      cro/u20 page 1 (fetch): 41/41 unresolved
      cro/u20 page 2 (fetch): 24/41 unresolved
      cro/u18 page 1 (fetch): 37/37 unresolved
      cro/u18 page 2 (fetch): 23/37 unresolved
    presence gate (WA cro list): 25/49 athletes recognized
      world/senior page 1 (fetch): 48/48 unresolved
      world/senior page 5 (fetch): 42/48 unresolved
      world/senior page 10 (fetch): 24/48 unresolved
      world/senior page 15 (fetch): 8/48 unresolved
      world/u20 page 1 (fetch): 17/17 unresolved
      world/u20 page 5 (fetch): 8/17 unresolved
      world/u18 page 1 (fetch): 14/14 unresolved
      world/u18 page 5 (fetch): 2/14 unresolved
    world: resolved 25/25 races
      europe/senior page 1 (fetch): 48/48 unresolved
      europe/senior page 5 (fetch): 16/48 unresolved
      europe/u20 page 1 (fetch): 17/17 unresolved
      europe/u20 page 5 (fetch): 1/17 unresolved
      europe/u18 page 1 (fetch): 14/14 unresolved
    europe: resolved 25/25 races
  [50/115] 400m women (indoor, 400-metres-short-track): 62 athletes / 62 races
    national (has.hr-derived): 62/62 races ranked
      cro/senior page 1 (fetch): 62/62 unresolved
      cro/senior page 2 (fetch): 27/62 unresolved
      cro/u20 page 1 (fetch): 49/49 unresolved
      cro/u20 page 2 (fetch): 27/49 unresolved
      cro/u18 page 1 (fetch): 41/41 unresolved
      cro/u18 page 2 (fetch): 27/41 unresolved
    presence gate (WA cro list): 35/62 athletes recognized
      world/senior page 1 (fetch): 65/65 unresolved
      world/senior page 5 (fetch): 64/65 unresolved
      world/senior page 10 (fetch): 61/65 unresolved
      world/senior page 15 (fetch): 49/65 unresolved
      world/senior page 20 (fetch): 45/65 unresolved
      world/senior page 25 (fetch): 37/65 unresolved
      world/senior page 30 (fetch): 24/65 unresolved
      world/senior page 35 (fetch): 20/65 unresolved
      world/senior page 40 (fetch): 16/65 unresolved
      world/senior page 45 (fetch): 4/65 unresolved
      world/senior page 50 (fetch): 2/65 unresolved
      world/u20 page 1 (fetch): 22/22 unresolved
      world/u20 page 5 (fetch): 17/22 unresolved
      world/u20 page 10 (fetch): 9/22 unresolved
      world/u20 page 15 (fetch): 7/22 unresolved
      world/u18 page 1 (fetch): 14/14 unresolved
      world/u18 page 5 (fetch): 6/14 unresolved
    world: resolved 35/35 races
      europe/senior page 1 (fetch): 65/65 unresolved
      europe/senior page 5 (fetch): 61/65 unresolved
      europe/senior page 10 (fetch): 41/65 unresolved
      europe/senior page 15 (fetch): 22/65 unresolved
      europe/senior page 20 (fetch): 16/65 unresolved
      europe/u20 page 1 (fetch): 22/22 unresolved
      europe/u20 page 5 (fetch): 14/22 unresolved
      europe/u20 page 10 (fetch): 7/22 unresolved
      europe/u18 page 1 (fetch): 14/14 unresolved
      europe/u18 page 5 (fetch): 5/14 unresolved
    europe: resolved 35/35 races
  [51/115] 600m women (indoor, 600-metres-short-track): 61 athletes / 61 races
    national (has.hr-derived): 61/61 races ranked
      cro/senior page 1 (fetch): 61/61 unresolved
      cro/senior page 2 (fetch): 43/61 unresolved
      cro/u20 page 1 (fetch): 55/55 unresolved
      cro/u20 page 2 (fetch): 43/55 unresolved
      cro/u18 page 1 (fetch): 48/48 unresolved
      cro/u18 page 2 (fetch): 41/48 unresolved
    presence gate (WA cro list): 18/61 athletes recognized
      world/senior page 1 (fetch): 33/33 unresolved
      world/senior page 5 (fetch): 16/33 unresolved
      world/u20 page 1 (fetch): 12/12 unresolved
      world/u18 page 1 (fetch): 7/7 unresolved
    world: resolved 18/18 races
      europe/senior page 1 (fetch): 33/33 unresolved
      europe/u20 page 1 (fetch): 12/12 unresolved
      europe/u18 page 1 (fetch): 7/7 unresolved
    europe: resolved 18/18 races
  [52/115] 800m women (indoor, 800-metres-short-track): 59 athletes / 59 races
    national (has.hr-derived): 59/59 races ranked
      cro/senior page 1 (fetch): 59/59 unresolved
      cro/senior page 2 (fetch): 44/59 unresolved
      cro/u20 page 1 (fetch): 53/53 unresolved
      cro/u20 page 2 (fetch): 43/53 unresolved
      cro/u18 page 1 (fetch): 47/47 unresolved
      cro/u18 page 2 (fetch): 39/47 unresolved
    presence gate (WA cro list): 15/59 athletes recognized
      world/senior page 1 (fetch): 29/29 unresolved
      world/senior page 5 (fetch): 28/29 unresolved
      world/senior page 10 (fetch): 22/29 unresolved
      world/senior page 15 (fetch): 14/29 unresolved
      world/senior page 20 (fetch): 8/29 unresolved
      world/senior page 25 (fetch): 2/29 unresolved
      world/senior page 30 (fetch): 2/29 unresolved
      world/u20 page 1 (fetch): 10/10 unresolved
      world/u20 page 5 (fetch): 3/10 unresolved
      world/u20 page 10 (fetch): 1/10 unresolved
      world/u18 page 1 (fetch): 8/8 unresolved
      world/u18 page 5 (fetch): 1/8 unresolved
    world: resolved 15/15 races
      europe/senior page 1 (fetch): 29/29 unresolved
      europe/senior page 5 (fetch): 26/29 unresolved
      europe/senior page 10 (fetch): 10/29 unresolved
      europe/senior page 15 (fetch): 2/29 unresolved
      europe/u20 page 1 (fetch): 10/10 unresolved
      europe/u20 page 5 (fetch): 1/10 unresolved
      europe/u18 page 1 (fetch): 8/8 unresolved
    europe: resolved 15/15 races
  [53/115] 1500m women (indoor, 1500-metres-short-track): 42 athletes / 42 races
    national (has.hr-derived): 42/42 races ranked
      cro/senior page 1 (fetch): 42/42 unresolved
      cro/senior page 2 (fetch): 26/42 unresolved
      cro/u20 page 1 (fetch): 32/32 unresolved
      cro/u20 page 2 (fetch): 25/32 unresolved
      cro/u18 page 1 (fetch): 30/30 unresolved
      cro/u18 page 2 (fetch): 24/30 unresolved
    presence gate (WA cro list): 16/42 athletes recognized
      world/senior page 1 (fetch): 29/29 unresolved
      world/senior page 5 (fetch): 23/29 unresolved
      world/senior page 10 (fetch): 18/29 unresolved
      world/senior page 15 (fetch): 8/29 unresolved
      world/senior page 20 (fetch): 4/29 unresolved
      world/u20 page 1 (fetch): 7/7 unresolved
      world/u20 page 5 (fetch): 4/7 unresolved
      world/u18 page 1 (fetch): 6/6 unresolved
    world: resolved 16/16 races
      europe/senior page 1 (fetch): 29/29 unresolved
      europe/senior page 5 (fetch): 23/29 unresolved
      europe/senior page 10 (fetch): 10/29 unresolved
      europe/senior page 15 (fetch): 4/29 unresolved
      europe/u20 page 1 (fetch): 7/7 unresolved
      europe/u20 page 5 (fetch): 3/7 unresolved
      europe/u18 page 1 (fetch): 6/6 unresolved
    europe: resolved 16/16 races
  [54/115] 3000m women (indoor, 3000-metres-short-track): 37 athletes / 37 races
    national (has.hr-derived): 37/37 races ranked
      cro/senior page 1 (fetch): 37/37 unresolved
      cro/senior page 2 (fetch): 22/37 unresolved
      cro/u20 page 1 (fetch): 24/24 unresolved
      cro/u20 page 2 (fetch): 20/24 unresolved
      cro/u18 page 1 (fetch): 18/18 unresolved
      cro/u18 page 2 (fetch): 15/18 unresolved
    presence gate (WA cro list): 15/37 athletes recognized
      world/senior page 1 (fetch): 25/25 unresolved
      world/senior page 5 (fetch): 25/25 unresolved
      world/senior page 10 (fetch): 19/25 unresolved
      world/senior page 15 (fetch): 19/25 unresolved
      world/senior page 20 (fetch): 11/25 unresolved
      world/senior page 25 (fetch): 8/25 unresolved
      world/senior page 30 (fetch): 4/25 unresolved
      world/u20 page 1 (fetch): 4/4 unresolved
      world/u20 page 5 (fetch): 1/4 unresolved
      world/u18 page 1 (fetch): 3/3 unresolved
    world: resolved 15/15 races
      europe/senior page 1 (fetch): 25/25 unresolved
      europe/senior page 5 (fetch): 19/25 unresolved
      europe/senior page 10 (fetch): 5/25 unresolved
      europe/u20 page 1 (fetch): 4/4 unresolved
      europe/u18 page 1 (fetch): 3/3 unresolved
    europe: resolved 15/15 races
  [55/115] Dalj women (indoor, long-jump): 63 athletes / 63 races
    national (has.hr-derived): 63/63 races ranked
      cro/senior page 1 (fetch): 63/63 unresolved
      cro/senior page 2 (fetch): 34/63 unresolved
      cro/u20 page 1 (fetch): 58/58 unresolved
      cro/u20 page 2 (fetch): 34/58 unresolved
      cro/u18 page 1 (fetch): 46/46 unresolved
      cro/u18 page 2 (fetch): 33/46 unresolved
    presence gate (WA cro list): 37/63 athletes recognized
      world/senior page 1 (fetch): 72/72 unresolved
      world/senior page 5 (fetch): 72/72 unresolved
      world/senior page 10 (fetch): 65/72 unresolved
      world/senior page 15 (fetch): 62/72 unresolved
      world/senior page 20 (fetch): 58/72 unresolved
      world/senior page 25 (fetch): 54/72 unresolved
      world/senior page 30 (fetch): 54/72 unresolved
      world/senior page 35 (fetch): 54/72 unresolved
      world/senior page 40 (fetch): 50/72 unresolved
      world/senior page 45 (fetch): 50/72 unresolved
      world/senior page 50 (fetch): 50/72 unresolved
      world/senior page 55 (fetch): 48/72 unresolved
      world/senior page 60 (fetch): 46/72 unresolved
      world/senior page 65 (fetch): 44/72 unresolved
      world/senior page 70 (fetch): 42/72 unresolved
      world/senior page 75 (fetch): 38/72 unresolved
      world/senior page 80 (fetch): 36/72 unresolved
      world/senior page 85 (fetch): 36/72 unresolved
      world/senior page 90 (fetch): 28/72 unresolved
      world/senior page 95 (fetch): 24/72 unresolved
      world/senior page 100 (fetch): 24/72 unresolved
      world/senior page 105 (fetch): 20/72 unresolved
      world/senior page 109 (fetch): 16/72 unresolved
      world/u20 page 1 (fetch): 32/32 unresolved
      world/u20 page 5 (fetch): 29/32 unresolved
      world/u20 page 10 (fetch): 27/32 unresolved
      world/u20 page 15 (fetch): 25/32 unresolved
      world/u20 page 20 (fetch): 24/32 unresolved
      world/u20 page 25 (fetch): 23/32 unresolved
      world/u20 page 30 (fetch): 21/32 unresolved
      world/u20 page 35 (fetch): 18/32 unresolved
      world/u20 page 40 (fetch): 18/32 unresolved
      world/u20 page 45 (fetch): 13/32 unresolved
      world/u20 page 50 (fetch): 12/32 unresolved
      world/u20 page 55 (fetch): 8/32 unresolved
      world/u20 page 56 (fetch): 8/32 unresolved
      world/u18 page 1 (fetch): 21/21 unresolved
      world/u18 page 5 (fetch): 19/21 unresolved
      world/u18 page 10 (fetch): 18/21 unresolved
      world/u18 page 15 (fetch): 17/21 unresolved
      world/u18 page 20 (fetch): 15/21 unresolved
      world/u18 page 25 (fetch): 14/21 unresolved
      world/u18 page 30 (fetch): 11/21 unresolved
      world/u18 page 35 (fetch): 8/21 unresolved
    world: resolved 29/37 races
      europe/senior page 1 (fetch): 72/72 unresolved
      europe/senior page 5 (fetch): 65/72 unresolved
      europe/senior page 10 (fetch): 58/72 unresolved
      europe/senior page 15 (fetch): 54/72 unresolved
      europe/senior page 20 (fetch): 50/72 unresolved
      europe/senior page 25 (fetch): 48/72 unresolved
      europe/senior page 30 (fetch): 46/72 unresolved
      europe/senior page 35 (fetch): 42/72 unresolved
      europe/senior page 40 (fetch): 36/72 unresolved
      europe/senior page 45 (fetch): 28/72 unresolved
      europe/senior page 50 (fetch): 24/72 unresolved
      europe/senior page 55 (fetch): 16/72 unresolved
      europe/senior page 57 (fetch): 16/72 unresolved
      europe/u20 page 1 (fetch): 32/32 unresolved
      europe/u20 page 5 (fetch): 27/32 unresolved
      europe/u20 page 10 (fetch): 25/32 unresolved
      europe/u20 page 15 (fetch): 23/32 unresolved
      europe/u20 page 20 (fetch): 21/32 unresolved
      europe/u20 page 25 (fetch): 18/32 unresolved
      europe/u20 page 30 (fetch): 13/32 unresolved
      europe/u20 page 35 (fetch): 10/32 unresolved
      europe/u20 page 37 (fetch): 8/32 unresolved
      europe/u18 page 1 (fetch): 21/21 unresolved
      europe/u18 page 5 (fetch): 18/21 unresolved
      europe/u18 page 10 (fetch): 17/21 unresolved
      europe/u18 page 15 (fetch): 15/21 unresolved
      europe/u18 page 20 (fetch): 11/21 unresolved
      europe/u18 page 25 (fetch): 8/21 unresolved
    europe: resolved 29/37 races
  [56/115] Vis women (indoor, high-jump): 78 athletes / 78 races
    national (has.hr-derived): 78/78 races ranked
      cro/senior page 1 (fetch): 78/78 unresolved
      cro/senior page 2 (fetch): 57/78 unresolved
      cro/u20 page 1 (fetch): 73/73 unresolved
      cro/u20 page 2 (fetch): 57/73 unresolved
      cro/u18 page 1 (fetch): 67/67 unresolved
      cro/u18 page 2 (fetch): 53/67 unresolved
    presence gate (WA cro list): 24/78 athletes recognized
      world/senior page 1 (fetch): 45/45 unresolved
      world/senior page 5 (fetch): 44/45 unresolved
      world/senior page 10 (fetch): 40/45 unresolved
      world/senior page 15 (fetch): 38/45 unresolved
      world/senior page 20 (fetch): 34/45 unresolved
      world/senior page 25 (fetch): 29/45 unresolved
      world/senior page 30 (fetch): 26/45 unresolved
      world/senior page 35 (fetch): 18/45 unresolved
      world/senior page 40 (fetch): 18/45 unresolved
      world/senior page 45 (fetch): 18/45 unresolved
      world/senior page 50 (fetch): 18/45 unresolved
      world/senior page 55 (fetch): 12/45 unresolved
      world/senior page 59 (fetch): 12/45 unresolved
      world/u20 page 1 (fetch): 19/19 unresolved
      world/u20 page 5 (fetch): 17/19 unresolved
      world/u20 page 10 (fetch): 13/19 unresolved
      world/u20 page 15 (fetch): 9/19 unresolved
      world/u20 page 20 (fetch): 9/19 unresolved
      world/u20 page 25 (fetch): 6/19 unresolved
      world/u20 page 30 (fetch): 6/19 unresolved
      world/u18 page 1 (fetch): 17/17 unresolved
      world/u18 page 5 (fetch): 13/17 unresolved
      world/u18 page 10 (fetch): 8/17 unresolved
      world/u18 page 15 (fetch): 8/17 unresolved
      world/u18 page 19 (fetch): 5/17 unresolved
    world: resolved 18/24 races
      europe/senior page 1 (fetch): 45/45 unresolved
      europe/senior page 5 (fetch): 40/45 unresolved
      europe/senior page 10 (fetch): 34/45 unresolved
      europe/senior page 15 (fetch): 26/45 unresolved
      europe/senior page 20 (fetch): 18/45 unresolved
      europe/senior page 25 (fetch): 18/45 unresolved
      europe/senior page 30 (fetch): 12/45 unresolved
      europe/senior page 31 (fetch): 12/45 unresolved
      europe/u20 page 1 (fetch): 19/19 unresolved
      europe/u20 page 5 (fetch): 15/19 unresolved
      europe/u20 page 10 (fetch): 9/19 unresolved
      europe/u20 page 15 (fetch): 9/19 unresolved
      europe/u20 page 20 (fetch): 6/19 unresolved
      europe/u18 page 1 (fetch): 17/17 unresolved
      europe/u18 page 5 (fetch): 11/17 unresolved
      europe/u18 page 10 (fetch): 8/17 unresolved
      europe/u18 page 14 (fetch): 5/17 unresolved
    europe: resolved 18/24 races
  [57/115] Motka women (indoor, pole-vault): 25 athletes / 25 races
    national (has.hr-derived): 25/25 races ranked
      cro/senior page 1 (fetch): 25/25 unresolved
      cro/senior page 2 (fetch): 20/25 unresolved
      cro/u20 page 1 (fetch): 19/19 unresolved
      cro/u20 page 2 (fetch): 18/19 unresolved
      cro/u18 page 1 (fetch): 17/17 unresolved
      cro/u18 page 2 (fetch): 16/17 unresolved
    presence gate (WA cro list): 4/25 athletes recognized
      world/senior page 1 (fetch): 6/6 unresolved
      world/senior page 5 (fetch): 6/6 unresolved
      world/senior page 10 (fetch): 6/6 unresolved
      world/senior page 15 (fetch): 3/6 unresolved
      world/senior page 20 (fetch): 3/6 unresolved
      world/u20 page 1 (fetch): 1/1 unresolved
      world/u20 page 5 (fetch): 1/1 unresolved
      world/u18 page 1 (fetch): 1/1 unresolved
    world: resolved 4/4 races
      europe/senior page 1 (fetch): 6/6 unresolved
      europe/senior page 5 (fetch): 4/6 unresolved
      europe/u20 page 1 (fetch): 1/1 unresolved
      europe/u18 page 1 (fetch): 1/1 unresolved
    europe: resolved 4/4 races
  [59/115] 5000m men (outdoor, 5000-metres): 24 athletes / 24 races
    national (has.hr-derived): 24/24 races ranked
      cro/senior page 1 (fetch): 24/24 unresolved
      cro/senior page 2 (fetch): 23/24 unresolved
      cro/u20 page 1 (fetch): 22/22 unresolved
      cro/u20 page 2 (fetch): 22/22 unresolved
      cro/u18 page 1 (fetch): 17/17 unresolved
      cro/u18 page 2 (fetch): 17/17 unresolved
    presence gate (WA cro list): 2/24 athletes recognized
      world/senior page 1 (fetch): 3/3 unresolved
      world/senior page 5 (fetch): 3/3 unresolved
      world/senior page 10 (fetch): 3/3 unresolved
      world/senior page 15 (fetch): 3/3 unresolved
      world/senior page 20 (fetch): 3/3 unresolved
      world/senior page 25 (fetch): 3/3 unresolved
      world/senior page 30 (fetch): 3/3 unresolved
      world/senior page 35 (fetch): 3/3 unresolved
      world/senior page 40 (fetch): 3/3 unresolved
      world/senior page 45 (fetch): 2/3 unresolved
      world/senior page 50 (fetch): 2/3 unresolved
      world/senior page 55 (fetch): 2/3 unresolved
      world/senior page 60 (fetch): 2/3 unresolved
      world/senior page 65 (fetch): 2/3 unresolved
      world/senior page 70 (fetch): 2/3 unresolved
      world/senior page 72 (fetch): 2/3 unresolved
      world/u20 page 1 (fetch): 1/1 unresolved
      world/u20 page 5 (fetch): 1/1 unresolved
      world/u20 page 10 (fetch): 1/1 unresolved
      world/u18 page 1 (fetch): 1/1 unresolved
      world/u18 page 3 (fetch): 1/1 unresolved
    world: resolved 1/2 races
      europe/senior page 1 (fetch): 3/3 unresolved
      europe/senior page 5 (fetch): 3/3 unresolved
      europe/senior page 10 (fetch): 2/3 unresolved
      europe/senior page 15 (fetch): 2/3 unresolved
      europe/senior page 18 (fetch): 2/3 unresolved
      europe/u20 page 1 (fetch): 1/1 unresolved
      europe/u20 page 4 (fetch): 1/1 unresolved
      europe/u18 page 1 (fetch): 1/1 unresolved
      europe/u18 page 2 (fetch): 1/1 unresolved
    europe: resolved 1/2 races
  [60/115] 5 km (cesta) men (outdoor, 5-kilometres): 39 athletes / 39 races
    national (has.hr-derived): 39/39 races ranked
      cro/senior page 1 (fetch): 39/39 unresolved
      cro/senior page 2 (fetch): 38/39 unresolved
      cro/u20 page 1 (fetch): 18/18 unresolved
      cro/u18 page 1 (fetch): 14/14 unresolved
    presence gate (WA cro list): 1/39 athletes recognized
      world/senior page 1 (fetch): 1/1 unresolved
      world/senior page 5 (fetch): 1/1 unresolved
    world: resolved 1/1 races
      europe/senior page 1 (fetch): 1/1 unresolved
    europe: resolved 1/1 races
  [61/115] 10000m men (outdoor, 10000-metres): 25 athletes / 25 races
    national (has.hr-derived): 25/25 races ranked
      cro/senior page 1 (fetch): 25/25 unresolved
      cro/senior page 2 (fetch): 18/25 unresolved
      cro/u20 page 1 (fetch): 9/9 unresolved
      cro/u20 page 2 (fetch): 7/9 unresolved
      cro/u18 page 1 (fetch): 3/3 unresolved
    presence gate (WA cro list): 7/25 athletes recognized
      world/senior page 1 (fetch): 11/11 unresolved
      world/senior page 5 (fetch): 11/11 unresolved
      world/senior page 10 (fetch): 11/11 unresolved
      world/senior page 15 (fetch): 10/11 unresolved
      world/senior page 20 (fetch): 10/11 unresolved
      world/senior page 25 (fetch): 6/11 unresolved
      world/u20 page 1 (fetch): 2/2 unresolved
    world: resolved 7/7 races
      europe/senior page 1 (fetch): 11/11 unresolved
      europe/senior page 5 (fetch): 6/11 unresolved
      europe/u20 page 1 (fetch): 2/2 unresolved
    europe: resolved 7/7 races
  [62/115] 10 km (cesta) men (outdoor, 10-kilometres): 42 athletes / 42 races
    national (has.hr-derived): 42/42 races ranked
      cro/senior page 1 (fetch): 42/42 unresolved
      cro/senior page 2 (fetch): 40/42 unresolved
      cro/u20 page 1 (fetch): 8/8 unresolved
      cro/u18 page 1 (fetch): 4/4 unresolved
    presence gate (WA cro list): 2/42 athletes recognized
      world/senior page 1 (fetch): 2/2 unresolved
      world/senior page 5 (fetch): 2/2 unresolved
      world/senior page 10 (fetch): 2/2 unresolved
      world/senior page 15 (fetch): 1/2 unresolved
      world/senior page 20 (fetch): 1/2 unresolved
      world/senior page 25 (fetch): 1/2 unresolved
      world/senior page 30 (fetch): 1/2 unresolved
    world: resolved 2/2 races
      europe/senior page 1 (fetch): 2/2 unresolved
      europe/senior page 5 (fetch): 2/2 unresolved
      europe/senior page 10 (fetch): 2/2 unresolved
      europe/senior page 15 (fetch): 1/2 unresolved
      europe/senior page 20 (fetch): 1/2 unresolved
    europe: resolved 2/2 races
  [63/115] 5 km hodanje (cesta) men (outdoor, 5-kilometres-race-walk): 1 athletes / 1 races
    national (has.hr-derived): 1/1 races ranked
      cro/senior page 1 (fetch): 1/1 unresolved
      cro/u20 page 1 (fetch): 1/1 unresolved
      cro/u18 page 1 (fetch): 1/1 unresolved
    presence gate (WA cro list): 1/1 athletes recognized
      world/senior page 1 (fetch): 2/2 unresolved
      world/u20 page 1 (fetch): 1/1 unresolved
      world/u18 page 1 (fetch): 1/1 unresolved
    world: resolved 1/1 races
      europe/senior page 1 (fetch): 2/2 unresolved
      europe/u20 page 1 (fetch): 1/1 unresolved
      europe/u18 page 1 (fetch): 1/1 unresolved
    europe: resolved 1/1 races
  [64/115] 400 m prepone men (outdoor, 400-metres-hurdles): 24 athletes / 24 races
    national (has.hr-derived): 24/24 races ranked
      cro/senior page 1 (fetch): 24/24 unresolved
      cro/senior page 2 (fetch): 17/24 unresolved
      cro/u20 page 1 (fetch): 19/19 unresolved
      cro/u20 page 2 (fetch): 17/19 unresolved
      cro/u18 page 1 (fetch): 11/11 unresolved
    presence gate (WA cro list): 6/24 athletes recognized
      world/senior page 1 (fetch): 10/10 unresolved
      world/senior page 5 (fetch): 10/10 unresolved
      world/senior page 10 (fetch): 10/10 unresolved
      world/senior page 15 (fetch): 6/10 unresolved
      world/senior page 20 (fetch): 6/10 unresolved
      world/senior page 25 (fetch): 4/10 unresolved
      world/senior page 30 (fetch): 2/10 unresolved
      world/senior page 35 (fetch): 2/10 unresolved
      world/u20 page 1 (fetch): 2/2 unresolved
    world: resolved 6/6 races
      europe/senior page 1 (fetch): 10/10 unresolved
      europe/senior page 5 (fetch): 6/10 unresolved
      europe/senior page 10 (fetch): 2/10 unresolved
      europe/u20 page 1 (fetch): 2/2 unresolved
    europe: resolved 6/6 races
  [65/115] 2000 m zapreke men (outdoor, 2000-metres-steeplechase): 4 athletes / 4 races
    national (has.hr-derived): 4/4 races ranked
      cro/senior page 1 (fetch): 4/4 unresolved
      cro/senior page 2 (fetch): 2/4 unresolved
      cro/u20 page 1 (fetch): 2/2 unresolved
      cro/u18 page 1 (fetch): 2/2 unresolved
    presence gate (WA cro list): 2/4 athletes recognized
      world/senior page 1 (fetch): 3/3 unresolved
    world: resolved 2/2 races
      europe/senior page 1 (fetch): 3/3 unresolved
    europe: resolved 2/2 races
  [66/115] 3000 m zapreke men (outdoor, 3000-metres-steeplechase): 10 athletes / 10 races
    national (has.hr-derived): 10/10 races ranked
      cro/senior page 1 (fetch): 10/10 unresolved
      cro/senior page 2 (fetch): 7/10 unresolved
      cro/u20 page 1 (fetch): 7/7 unresolved
      cro/u18 page 1 (fetch): 4/4 unresolved
    presence gate (WA cro list): 3/10 athletes recognized
      world/senior page 1 (fetch): 4/4 unresolved
      world/senior page 5 (fetch): 3/4 unresolved
      world/senior page 10 (fetch): 1/4 unresolved
    world: resolved 3/3 races
      europe/senior page 1 (fetch): 4/4 unresolved
    europe: resolved 3/3 races
  [67/115] Troskok men (outdoor, triple-jump): 28 athletes / 28 races
    national (has.hr-derived): 28/28 races ranked
      cro/senior page 1 (fetch): 28/28 unresolved
      cro/senior page 2 (fetch): 22/28 unresolved
      cro/u20 page 1 (fetch): 23/23 unresolved
      cro/u20 page 2 (fetch): 20/23 unresolved
      cro/u18 page 1 (fetch): 12/12 unresolved
      cro/u18 page 2 (fetch): 12/12 unresolved
    presence gate (WA cro list): 6/28 athletes recognized
      world/senior page 1 (fetch): 9/9 unresolved
      world/senior page 5 (fetch): 9/9 unresolved
      world/senior page 10 (fetch): 9/9 unresolved
      world/senior page 15 (fetch): 9/9 unresolved
      world/senior page 20 (fetch): 8/9 unresolved
      world/senior page 25 (fetch): 7/9 unresolved
      world/senior page 30 (fetch): 5/9 unresolved
      world/senior page 35 (fetch): 2/9 unresolved
      world/senior page 40 (fetch): 2/9 unresolved
      world/senior page 45 (fetch): 2/9 unresolved
      world/senior page 47 (fetch): 2/9 unresolved
      world/u20 page 1 (fetch): 3/3 unresolved
      world/u20 page 5 (fetch): 3/3 unresolved
      world/u20 page 10 (fetch): 2/3 unresolved
      world/u20 page 15 (fetch): 1/3 unresolved
      world/u20 page 18 (fetch): 1/3 unresolved
      world/u18 page 1 (fetch): 1/1 unresolved
      world/u18 page 5 (fetch): 1/1 unresolved
      world/u18 page 8 (fetch): 1/1 unresolved
    world: resolved 5/6 races
      europe/senior page 1 (fetch): 9/9 unresolved
      europe/senior page 5 (fetch): 9/9 unresolved
      europe/senior page 10 (fetch): 2/9 unresolved
      europe/senior page 15 (fetch): 2/9 unresolved
      europe/senior page 16 (fetch): 2/9 unresolved
      europe/u20 page 1 (fetch): 3/3 unresolved
      europe/u20 page 5 (fetch): 1/3 unresolved
      europe/u20 page 8 (fetch): 1/3 unresolved
      europe/u18 page 1 (fetch): 1/1 unresolved
      europe/u18 page 4 (fetch): 1/1 unresolved
    europe: resolved 5/6 races
  [68/115] Kugla men (outdoor, shot-put): 24 athletes / 24 races
    national (has.hr-derived): 24/24 races ranked
      cro/senior page 1 (fetch): 24/24 unresolved
      cro/senior page 2 (fetch): 17/24 unresolved
      cro/u20 page 1 (fetch): 1/1 unresolved
      cro/u20 page 2 (fetch): 1/1 unresolved
    presence gate (WA cro list): 7/24 athletes recognized
      world/senior page 1 (fetch): 9/9 unresolved
      world/senior page 5 (fetch): 9/9 unresolved
      world/senior page 10 (fetch): 9/9 unresolved
      world/senior page 15 (fetch): 8/9 unresolved
      world/senior page 20 (fetch): 7/9 unresolved
      world/senior page 25 (fetch): 3/9 unresolved
      world/senior page 30 (fetch): 3/9 unresolved
    world: resolved 7/7 races
      europe/senior page 1 (fetch): 9/9 unresolved
      europe/senior page 5 (fetch): 8/9 unresolved
    europe: resolved 7/7 races
  [69/115] Koplje men (outdoor, javelin-throw): 35 athletes / 35 races
    national (has.hr-derived): 35/35 races ranked
      cro/senior page 1 (fetch): 35/35 unresolved
      cro/senior page 2 (fetch): 25/35 unresolved
      cro/u20 page 1 (fetch): 22/22 unresolved
      cro/u20 page 2 (fetch): 19/22 unresolved
      cro/u18 page 1 (fetch): 11/11 unresolved
    presence gate (WA cro list): 8/35 athletes recognized
      world/senior page 1 (fetch): 11/11 unresolved
      world/senior page 5 (fetch): 8/11 unresolved
      world/senior page 10 (fetch): 7/11 unresolved
      world/senior page 15 (fetch): 4/11 unresolved
      world/senior page 20 (fetch): 3/11 unresolved
      world/u20 page 1 (fetch): 3/3 unresolved
      world/u20 page 5 (fetch): 1/3 unresolved
    world: resolved 8/8 races
      europe/senior page 1 (fetch): 11/11 unresolved
      europe/senior page 5 (fetch): 6/11 unresolved
      europe/u20 page 1 (fetch): 3/3 unresolved
    europe: resolved 8/8 races
  [70/115] Kladivo men (outdoor, hammer-throw): 11 athletes / 11 races
    national (has.hr-derived): 11/11 races ranked
      cro/senior page 1 (fetch): 11/11 unresolved
      cro/senior page 2 (fetch): 8/11 unresolved
      cro/u20 page 1 (fetch): 1/1 unresolved
      cro/u18 page 1 (fetch): 1/1 unresolved
    presence gate (WA cro list): 3/11 athletes recognized
      world/senior page 1 (fetch): 5/5 unresolved
      world/senior page 5 (fetch): 4/5 unresolved
      world/senior page 10 (fetch): 4/5 unresolved
    world: resolved 3/3 races
      europe/senior page 1 (fetch): 5/5 unresolved
      europe/senior page 5 (fetch): 2/5 unresolved
    europe: resolved 3/3 races
  [71/115] 3000 m hodanje men (indoor, 3000-metres-race-walk-short-track): 4 athletes / 4 races
    national (has.hr-derived): 4/4 races ranked
      cro/senior page 1 (fetch): 4/4 unresolved
      cro/senior page 2 (fetch): 2/4 unresolved
      cro/u20 page 1 (fetch): 2/2 unresolved
      cro/u18 page 1 (fetch): 1/1 unresolved
    presence gate (WA cro list): 2/4 athletes recognized
      world/senior page 1 (fetch): 4/4 unresolved
      world/u20 page 1 (fetch): 2/2 unresolved
      world/u18 page 1 (fetch): 1/1 unresolved
    world: resolved 2/2 races
      europe/senior page 1 (fetch): 4/4 unresolved
      europe/u20 page 1 (fetch): 2/2 unresolved
      europe/u18 page 1 (fetch): 1/1 unresolved
    europe: resolved 2/2 races
  [72/115] 5000m men (indoor, 5000-metres-short-track): 10 athletes / 10 races
    national (has.hr-derived): 10/10 races ranked
      cro/senior page 1 (fetch): 10/10 unresolved
      cro/senior page 2 (fetch): 4/10 unresolved
      cro/u20 page 1 (fetch): 2/2 unresolved
      cro/u18 page 1 (fetch): 1/1 unresolved
    presence gate (WA cro list): 6/10 athletes recognized
      world/senior page 1 (fetch): 9/9 unresolved
      world/senior page 5 (fetch): 6/9 unresolved
      world/senior page 10 (fetch): 4/9 unresolved
      world/senior page 13 (fetch): 1/9 unresolved
      world/u20 page 1 (fetch): 2/2 unresolved
      world/u18 page 1 (fetch): 1/1 unresolved
    world: resolved 6/6 races
      europe/senior page 1 (fetch): 9/9 unresolved
      europe/senior page 3 (fetch): 1/9 unresolved
      europe/u20 page 1 (fetch): 2/2 unresolved
      europe/u18 page 1 (fetch): 1/1 unresolved
    europe: resolved 6/6 races
  [73/115] 60 m prepone men (indoor, 60-metres-hurdles): 8 athletes / 8 races
    national (has.hr-derived): 8/8 races ranked
      cro/senior page 1 (fetch): 8/8 unresolved
      cro/senior page 2 (fetch): 4/8 unresolved
      cro/u20 page 1 (fetch): 2/2 unresolved
      cro/u20 page 2 (fetch): 1/2 unresolved
    presence gate (WA cro list): 3/8 athletes recognized
      world/senior page 1 (fetch): 5/5 unresolved
      world/senior page 5 (fetch): 5/5 unresolved
      world/senior page 10 (fetch): 4/5 unresolved
      world/senior page 15 (fetch): 2/5 unresolved
      world/u20 page 1 (fetch): 1/1 unresolved
    world: resolved 3/3 races
      europe/senior page 1 (fetch): 5/5 unresolved
      europe/senior page 5 (fetch): 4/5 unresolved
      europe/u20 page 1 (fetch): 1/1 unresolved
    europe: resolved 3/3 races
  [74/115] Troskok men (indoor, triple-jump): 18 athletes / 18 races
    national (has.hr-derived): 18/18 races ranked
      cro/senior page 1 (fetch): 18/18 unresolved
      cro/senior page 2 (fetch): 12/18 unresolved
      cro/u20 page 1 (fetch): 13/13 unresolved
      cro/u20 page 2 (fetch): 10/13 unresolved
      cro/u18 page 1 (fetch): 8/8 unresolved
      cro/u18 page 2 (fetch): 7/8 unresolved
    presence gate (WA cro list): 6/18 athletes recognized
      world/senior page 1 (fetch): 10/10 unresolved
      world/senior page 5 (fetch): 10/10 unresolved
      world/senior page 10 (fetch): 7/10 unresolved
      world/senior page 15 (fetch): 7/10 unresolved
      world/senior page 20 (fetch): 7/10 unresolved
      world/senior page 25 (fetch): 7/10 unresolved
      world/senior page 30 (fetch): 6/10 unresolved
      world/senior page 35 (fetch): 6/10 unresolved
      world/senior page 40 (fetch): 4/10 unresolved
      world/senior page 45 (fetch): 2/10 unresolved
      world/u20 page 1 (fetch): 3/3 unresolved
      world/u20 page 5 (fetch): 3/3 unresolved
      world/u20 page 10 (fetch): 3/3 unresolved
      world/u20 page 15 (fetch): 2/3 unresolved
      world/u18 page 1 (fetch): 1/1 unresolved
      world/u18 page 5 (fetch): 1/1 unresolved
    world: resolved 6/6 races
      europe/senior page 1 (fetch): 10/10 unresolved
      europe/senior page 5 (fetch): 7/10 unresolved
      europe/senior page 10 (fetch): 6/10 unresolved
      europe/u20 page 1 (fetch): 3/3 unresolved
      europe/u20 page 5 (fetch): 3/3 unresolved
      europe/u18 page 1 (fetch): 1/1 unresolved
    europe: resolved 6/6 races
  [75/115] Kugla men (indoor, shot-put): 16 athletes / 16 races
    national (has.hr-derived): 16/16 races ranked
      cro/senior page 1 (fetch): 16/16 unresolved
      cro/senior page 2 (fetch): 9/16 unresolved
      cro/u20 page 1 (fetch): 2/2 unresolved
      cro/u20 page 2 (fetch): 1/2 unresolved
    presence gate (WA cro list): 7/16 athletes recognized
      world/senior page 1 (fetch): 10/10 unresolved
      world/senior page 5 (fetch): 10/10 unresolved
      world/senior page 10 (fetch): 10/10 unresolved
      world/senior page 15 (fetch): 7/10 unresolved
      world/senior page 20 (fetch): 7/10 unresolved
      world/senior page 25 (fetch): 2/10 unresolved
      world/u20 page 1 (fetch): 1/1 unresolved
    world: resolved 7/7 races
      europe/senior page 1 (fetch): 10/10 unresolved
      europe/senior page 5 (fetch): 7/10 unresolved
      europe/u20 page 1 (fetch): 1/1 unresolved
    europe: resolved 7/7 races
  [76/115] 5000m women (outdoor, 5000-metres): 16 athletes / 16 races
    national (has.hr-derived): 16/16 races ranked
      cro/senior page 1 (fetch): 16/16 unresolved
      cro/senior page 2 (fetch): 14/16 unresolved
      cro/u20 page 1 (fetch): 15/15 unresolved
      cro/u20 page 2 (fetch): 14/15 unresolved
      cro/u18 page 1 (fetch): 9/9 unresolved
      cro/u18 page 2 (fetch): 8/9 unresolved
    presence gate (WA cro list): 2/16 athletes recognized
      world/senior page 1 (fetch): 3/3 unresolved
      world/senior page 5 (fetch): 3/3 unresolved
      world/senior page 10 (fetch): 3/3 unresolved
      world/senior page 15 (fetch): 2/3 unresolved
      world/senior page 20 (fetch): 2/3 unresolved
      world/senior page 25 (fetch): 2/3 unresolved
      world/senior page 30 (fetch): 2/3 unresolved
      world/u20 page 1 (fetch): 1/1 unresolved
      world/u18 page 1 (fetch): 1/1 unresolved
    world: resolved 2/2 races
      europe/senior page 1 (fetch): 3/3 unresolved
      europe/senior page 5 (fetch): 2/3 unresolved
      europe/u20 page 1 (fetch): 1/1 unresolved
      europe/u18 page 1 (fetch): 1/1 unresolved
    europe: resolved 2/2 races
  [77/115] 5 km (cesta) women (outdoor, 5-kilometres): 35 athletes / 35 races
    national (has.hr-derived): 35/35 races ranked
      cro/senior page 1 (fetch): 35/35 unresolved
      cro/senior page 2 (fetch): 32/35 unresolved
      cro/u20 page 1 (fetch): 20/20 unresolved
      cro/u18 page 1 (fetch): 18/18 unresolved
    presence gate (WA cro list): 2/35 athletes recognized
      world/senior page 1 (fetch): 2/2 unresolved
      world/senior page 5 (fetch): 2/2 unresolved
    world: resolved 2/2 races
      europe/senior page 1 (fetch): 2/2 unresolved
      europe/senior page 5 (fetch): 1/2 unresolved
    europe: resolved 2/2 races
  [78/115] 10000m women (outdoor, 10000-metres): 11 athletes / 11 races
    national (has.hr-derived): 11/11 races ranked
      cro/senior page 1 (fetch): 11/11 unresolved
      cro/senior page 2 (fetch): 5/11 unresolved
      cro/u20 page 1 (fetch): 5/5 unresolved
      cro/u20 page 2 (fetch): 3/5 unresolved
    presence gate (WA cro list): 6/11 athletes recognized
      world/senior page 1 (fetch): 9/9 unresolved
      world/senior page 5 (fetch): 9/9 unresolved
      world/senior page 10 (fetch): 9/9 unresolved
      world/senior page 15 (fetch): 5/9 unresolved
      world/u20 page 1 (fetch): 2/2 unresolved
    world: resolved 6/6 races
      europe/senior page 1 (fetch): 9/9 unresolved
      europe/u20 page 1 (fetch): 2/2 unresolved
    europe: resolved 6/6 races
  [79/115] 10 km (cesta) women (outdoor, 10-kilometres): 36 athletes / 36 races
    national (has.hr-derived): 36/36 races ranked
      cro/senior page 1 (fetch): 36/36 unresolved
      cro/senior page 2 (fetch): 30/36 unresolved
      cro/u20 page 1 (fetch): 7/7 unresolved
      cro/u18 page 1 (fetch): 5/5 unresolved
    presence gate (WA cro list): 6/36 athletes recognized
      world/senior page 1 (fetch): 7/7 unresolved
      world/senior page 5 (fetch): 7/7 unresolved
      world/senior page 10 (fetch): 7/7 unresolved
      world/senior page 15 (fetch): 5/7 unresolved
      world/senior page 20 (fetch): 1/7 unresolved
    world: resolved 6/6 races
      europe/senior page 1 (fetch): 7/7 unresolved
      europe/senior page 5 (fetch): 7/7 unresolved
      europe/senior page 10 (fetch): 5/7 unresolved
      europe/senior page 15 (fetch): 1/7 unresolved
    europe: resolved 6/6 races
  [80/115] 5 km hodanje (cesta) women (outdoor, 5-kilometres-race-walk): 2 athletes / 2 races
    national (has.hr-derived): 2/2 races ranked
      cro/senior page 1 (fetch): 2/2 unresolved
      cro/u20 page 1 (fetch): 2/2 unresolved
      cro/u18 page 1 (fetch): 1/1 unresolved
    presence gate (WA cro list): 2/2 athletes recognized
      world/senior page 1 (fetch): 4/4 unresolved
      world/u20 page 1 (fetch): 2/2 unresolved
      world/u18 page 1 (fetch): 1/1 unresolved
    world: resolved 2/2 races
      europe/senior page 1 (fetch): 4/4 unresolved
      europe/u20 page 1 (fetch): 2/2 unresolved
      europe/u18 page 1 (fetch): 1/1 unresolved
    europe: resolved 2/2 races
  [81/115] 10000 hodanje women (outdoor, 10000-metres-race-walk): 4 athletes / 4 races
    national (has.hr-derived): 4/4 races ranked
      cro/senior page 1 (fetch): 4/4 unresolved
      cro/senior page 2 (fetch): 2/4 unresolved
      cro/u20 page 1 (fetch): 1/1 unresolved
    presence gate (WA cro list): 2/4 athletes recognized
      world/senior page 1 (fetch): 3/3 unresolved
    world: resolved 2/2 races
      europe/senior page 1 (fetch): 3/3 unresolved
    europe: resolved 2/2 races
  [82/115] 100 m prepone women (outdoor, 100-metres-hurdles): 29 athletes / 29 races
    national (has.hr-derived): 29/29 races ranked
      cro/senior page 1 (fetch): 29/29 unresolved
      cro/senior page 2 (fetch): 11/29 unresolved
      cro/u20 page 1 (fetch): 24/24 unresolved
      cro/u20 page 2 (fetch): 11/24 unresolved
      cro/u18 page 1 (fetch): 10/10 unresolved
      cro/u18 page 2 (fetch): 6/10 unresolved
    presence gate (WA cro list): 17/29 athletes recognized
      world/senior page 1 (fetch): 34/34 unresolved
      world/senior page 5 (fetch): 30/34 unresolved
      world/senior page 10 (fetch): 30/34 unresolved
      world/senior page 15 (fetch): 28/34 unresolved
      world/senior page 20 (fetch): 24/34 unresolved
      world/senior page 25 (fetch): 22/34 unresolved
      world/senior page 30 (fetch): 20/34 unresolved
      world/senior page 35 (fetch): 12/34 unresolved
      world/senior page 40 (fetch): 10/34 unresolved
      world/senior page 45 (fetch): 8/34 unresolved
      world/senior page 50 (fetch): 2/34 unresolved
      world/u20 page 1 (fetch): 13/13 unresolved
      world/u20 page 5 (fetch): 12/13 unresolved
      world/u20 page 10 (fetch): 7/13 unresolved
      world/u20 page 15 (fetch): 3/13 unresolved
      world/u18 page 1 (fetch): 4/4 unresolved
    world: resolved 17/17 races
      europe/senior page 1 (fetch): 34/34 unresolved
      europe/senior page 5 (fetch): 30/34 unresolved
      europe/senior page 10 (fetch): 22/34 unresolved
      europe/senior page 15 (fetch): 10/34 unresolved
      europe/senior page 20 (fetch): 2/34 unresolved
      europe/u20 page 1 (fetch): 13/13 unresolved
      europe/u20 page 5 (fetch): 7/13 unresolved
      europe/u18 page 1 (fetch): 4/4 unresolved
    europe: resolved 17/17 races
  [83/115] 400 m prepone women (outdoor, 400-metres-hurdles): 25 athletes / 25 races
    national (has.hr-derived): 25/25 races ranked
      cro/senior page 1 (fetch): 25/25 unresolved
      cro/senior page 2 (fetch): 8/25 unresolved
      cro/u20 page 1 (fetch): 21/21 unresolved
      cro/u20 page 2 (fetch): 8/21 unresolved
      cro/u18 page 1 (fetch): 14/14 unresolved
      cro/u18 page 2 (fetch): 8/14 unresolved
    presence gate (WA cro list): 17/25 athletes recognized
      world/senior page 1 (fetch): 33/33 unresolved
      world/senior page 5 (fetch): 32/33 unresolved
      world/senior page 10 (fetch): 30/33 unresolved
      world/senior page 15 (fetch): 24/33 unresolved
      world/senior page 20 (fetch): 20/33 unresolved
      world/senior page 25 (fetch): 18/33 unresolved
      world/senior page 30 (fetch): 14/33 unresolved
      world/senior page 35 (fetch): 8/33 unresolved
      world/u20 page 1 (fetch): 13/13 unresolved
      world/u20 page 5 (fetch): 9/13 unresolved
      world/u20 page 10 (fetch): 6/13 unresolved
      world/u20 page 15 (fetch): 3/13 unresolved
      world/u18 page 1 (fetch): 6/6 unresolved
      world/u18 page 5 (fetch): 4/6 unresolved
    world: resolved 17/17 races
      europe/senior page 1 (fetch): 33/33 unresolved
      europe/senior page 5 (fetch): 28/33 unresolved
      europe/senior page 10 (fetch): 18/33 unresolved
      europe/senior page 15 (fetch): 8/33 unresolved
      europe/u20 page 1 (fetch): 13/13 unresolved
      europe/u20 page 5 (fetch): 7/13 unresolved
      europe/u18 page 1 (fetch): 6/6 unresolved
      europe/u18 page 5 (fetch): 1/6 unresolved
    europe: resolved 17/17 races
  [84/115] 2000 m zapreke women (outdoor, 2000-metres-steeplechase): 13 athletes / 13 races
    national (has.hr-derived): 13/13 races ranked
      cro/senior page 1 (fetch): 13/13 unresolved
      cro/senior page 2 (fetch): 4/13 unresolved
      cro/u20 page 1 (fetch): 10/10 unresolved
      cro/u20 page 2 (fetch): 4/10 unresolved
      cro/u18 page 1 (fetch): 8/8 unresolved
      cro/u18 page 2 (fetch): 3/8 unresolved
    presence gate (WA cro list): 9/13 athletes recognized
      world/senior page 1 (fetch): 17/17 unresolved
      world/senior page 5 (fetch): 8/17 unresolved
      world/u20 page 1 (fetch): 6/6 unresolved
      world/u20 page 5 (fetch): 1/6 unresolved
      world/u18 page 1 (fetch): 5/5 unresolved
    world: resolved 9/9 races
      europe/senior page 1 (fetch): 17/17 unresolved
      europe/senior page 5 (fetch): 2/17 unresolved
      europe/u20 page 1 (fetch): 6/6 unresolved
      europe/u18 page 1 (fetch): 5/5 unresolved
    europe: resolved 9/9 races
  [85/115] 3000 m zapreke women (outdoor, 3000-metres-steeplechase): 9 athletes / 9 races
    national (has.hr-derived): 9/9 races ranked
      cro/senior page 1 (fetch): 9/9 unresolved
      cro/senior page 2 (fetch): 6/9 unresolved
      cro/u20 page 1 (fetch): 9/9 unresolved
      cro/u20 page 2 (fetch): 6/9 unresolved
      cro/u18 page 1 (fetch): 7/7 unresolved
      cro/u18 page 2 (fetch): 5/7 unresolved
    presence gate (WA cro list): 2/9 athletes recognized
      world/senior page 1 (fetch): 4/4 unresolved
      world/senior page 5 (fetch): 4/4 unresolved
      world/senior page 10 (fetch): 4/4 unresolved
      world/senior page 15 (fetch): 2/4 unresolved
      world/senior page 20 (fetch): 2/4 unresolved
      world/senior page 22 (fetch): 1/4 unresolved
      world/u20 page 1 (fetch): 2/2 unresolved
      world/u20 page 5 (fetch): 1/2 unresolved
      world/u18 page 1 (fetch): 1/1 unresolved
    world: resolved 2/2 races
      europe/senior page 1 (fetch): 4/4 unresolved
      europe/senior page 5 (fetch): 4/4 unresolved
      europe/senior page 8 (fetch): 1/4 unresolved
      europe/u20 page 1 (fetch): 2/2 unresolved
      europe/u18 page 1 (fetch): 1/1 unresolved
    europe: resolved 2/2 races
  [86/115] Troskok women (outdoor, triple-jump): 29 athletes / 29 races
    national (has.hr-derived): 29/29 races ranked
      cro/senior page 1 (fetch): 29/29 unresolved
      cro/senior page 2 (fetch): 12/29 unresolved
      cro/u20 page 1 (fetch): 26/26 unresolved
      cro/u20 page 2 (fetch): 11/26 unresolved
      cro/u18 page 1 (fetch): 17/17 unresolved
      cro/u18 page 2 (fetch): 9/17 unresolved
    presence gate (WA cro list): 16/29 athletes recognized
      world/senior page 1 (fetch): 30/30 unresolved
      world/senior page 5 (fetch): 28/30 unresolved
      world/senior page 10 (fetch): 28/30 unresolved
      world/senior page 15 (fetch): 24/30 unresolved
      world/senior page 20 (fetch): 24/30 unresolved
      world/senior page 25 (fetch): 18/30 unresolved
      world/senior page 30 (fetch): 14/30 unresolved
      world/senior page 35 (fetch): 12/30 unresolved
      world/senior page 40 (fetch): 8/30 unresolved
      world/senior page 45 (fetch): 8/30 unresolved
      world/senior page 50 (fetch): 6/30 unresolved
      world/senior page 55 (fetch): 2/30 unresolved
      world/u20 page 1 (fetch): 14/14 unresolved
      world/u20 page 5 (fetch): 12/14 unresolved
      world/u20 page 10 (fetch): 9/14 unresolved
      world/u20 page 15 (fetch): 6/14 unresolved
      world/u20 page 20 (fetch): 4/14 unresolved
      world/u20 page 25 (fetch): 2/14 unresolved
      world/u18 page 1 (fetch): 7/7 unresolved
      world/u18 page 5 (fetch): 6/7 unresolved
      world/u18 page 10 (fetch): 3/7 unresolved
      world/u18 page 15 (fetch): 2/7 unresolved
    world: resolved 16/16 races
      europe/senior page 1 (fetch): 30/30 unresolved
      europe/senior page 5 (fetch): 28/30 unresolved
      europe/senior page 10 (fetch): 22/30 unresolved
      europe/senior page 15 (fetch): 12/30 unresolved
      europe/senior page 20 (fetch): 8/30 unresolved
      europe/senior page 25 (fetch): 2/30 unresolved
      europe/u20 page 1 (fetch): 14/14 unresolved
      europe/u20 page 5 (fetch): 11/14 unresolved
      europe/u20 page 10 (fetch): 5/14 unresolved
      europe/u20 page 15 (fetch): 2/14 unresolved
      europe/u18 page 1 (fetch): 7/7 unresolved
      europe/u18 page 5 (fetch): 4/7 unresolved
      europe/u18 page 10 (fetch): 2/7 unresolved
    europe: resolved 16/16 races
  [87/115] Kugla women (outdoor, shot-put): 41 athletes / 41 races
    national (has.hr-derived): 41/41 races ranked
      cro/senior page 1 (fetch): 41/41 unresolved
      cro/senior page 2 (fetch): 31/41 unresolved
      cro/u20 page 1 (fetch): 31/31 unresolved
      cro/u20 page 2 (fetch): 27/31 unresolved
      cro/u18 page 1 (fetch): 19/19 unresolved
      cro/u18 page 2 (fetch): 17/19 unresolved
    presence gate (WA cro list): 12/41 athletes recognized
      world/senior page 1 (fetch): 20/20 unresolved
      world/senior page 5 (fetch): 19/20 unresolved
      world/senior page 10 (fetch): 16/20 unresolved
      world/senior page 15 (fetch): 12/20 unresolved
      world/senior page 20 (fetch): 11/20 unresolved
      world/senior page 25 (fetch): 8/20 unresolved
      world/senior page 30 (fetch): 6/20 unresolved
      world/senior page 33 (fetch): 4/20 unresolved
      world/u20 page 1 (fetch): 6/6 unresolved
      world/u20 page 5 (fetch): 4/6 unresolved
      world/u20 page 8 (fetch): 2/6 unresolved
      world/u18 page 1 (fetch): 3/3 unresolved
      world/u18 page 3 (fetch): 1/3 unresolved
    world: resolved 10/12 races
      europe/senior page 1 (fetch): 20/20 unresolved
      europe/senior page 5 (fetch): 14/20 unresolved
      europe/senior page 10 (fetch): 6/20 unresolved
      europe/senior page 12 (fetch): 4/20 unresolved
      europe/u20 page 1 (fetch): 6/6 unresolved
      europe/u20 page 4 (fetch): 2/6 unresolved
      europe/u18 page 1 (fetch): 3/3 unresolved
      europe/u18 page 2 (fetch): 1/3 unresolved
    europe: resolved 10/12 races
  [88/115] Kladivo women (outdoor, hammer-throw): 24 athletes / 24 races
    national (has.hr-derived): 24/24 races ranked
      cro/senior page 1 (fetch): 24/24 unresolved
      cro/senior page 2 (fetch): 19/24 unresolved
      cro/u20 page 1 (fetch): 21/21 unresolved
      cro/u20 page 2 (fetch): 19/21 unresolved
      cro/u18 page 1 (fetch): 12/12 unresolved
    presence gate (WA cro list): 5/24 athletes recognized
      world/senior page 1 (fetch): 10/10 unresolved
      world/senior page 5 (fetch): 6/10 unresolved
      world/senior page 10 (fetch): 6/10 unresolved
      world/senior page 15 (fetch): 2/10 unresolved
      world/u20 page 1 (fetch): 2/2 unresolved
    world: resolved 5/5 races
      europe/senior page 1 (fetch): 10/10 unresolved
      europe/senior page 5 (fetch): 4/10 unresolved
      europe/u20 page 1 (fetch): 2/2 unresolved
    europe: resolved 5/5 races
  [89/115] 1000m women (indoor, 1000-metres-short-track): 31 athletes / 31 races
    national (has.hr-derived): 31/31 races ranked
      cro/senior page 1 (fetch): 31/31 unresolved
      cro/senior page 2 (fetch): 26/31 unresolved
      cro/u20 page 1 (fetch): 25/25 unresolved
      cro/u20 page 2 (fetch): 24/25 unresolved
      cro/u18 page 1 (fetch): 25/25 unresolved
      cro/u18 page 2 (fetch): 24/25 unresolved
    presence gate (WA cro list): 5/31 athletes recognized
      world/senior page 1 (fetch): 10/10 unresolved
      world/senior page 5 (fetch): 4/10 unresolved
      world/u20 page 1 (fetch): 1/1 unresolved
      world/u18 page 1 (fetch): 1/1 unresolved
    world: resolved 5/5 races
      europe/senior page 1 (fetch): 10/10 unresolved
      europe/u20 page 1 (fetch): 1/1 unresolved
      europe/u18 page 1 (fetch): 1/1 unresolved
    europe: resolved 5/5 races
  [90/115] 5000m women (indoor, 5000-metres-short-track): 6 athletes / 6 races
    national (has.hr-derived): 6/6 races ranked
      cro/senior page 1 (fetch): 6/6 unresolved
      cro/u20 page 1 (fetch): 1/1 unresolved
      cro/u18 page 1 (fetch): 1/1 unresolved
    presence gate (WA cro list): 6/6 athletes recognized
      world/senior page 1 (fetch): 8/8 unresolved
      world/senior page 5 (fetch): 5/8 unresolved
      world/senior page 10 (fetch): 2/8 unresolved
      world/u20 page 1 (fetch): 1/1 unresolved
      world/u18 page 1 (fetch): 1/1 unresolved
    world: resolved 6/6 races
      europe/senior page 1 (fetch): 8/8 unresolved
      europe/u20 page 1 (fetch): 1/1 unresolved
      europe/u18 page 1 (fetch): 1/1 unresolved
    europe: resolved 6/6 races
  [91/115] 3000 m hodanje women (indoor, 3000-metres-race-walk-short-track): 6 athletes / 6 races
    national (has.hr-derived): 6/6 races ranked
      cro/senior page 1 (fetch): 6/6 unresolved
      cro/senior page 2 (fetch): 1/6 unresolved
      cro/u20 page 1 (fetch): 4/4 unresolved
      cro/u20 page 2 (fetch): 1/4 unresolved
      cro/u18 page 1 (fetch): 2/2 unresolved
    presence gate (WA cro list): 5/6 athletes recognized
      world/senior page 1 (fetch): 9/9 unresolved
      world/u20 page 1 (fetch): 3/3 unresolved
      world/u18 page 1 (fetch): 2/2 unresolved
    world: resolved 5/5 races
      europe/senior page 1 (fetch): 9/9 unresolved
      europe/u20 page 1 (fetch): 3/3 unresolved
      europe/u18 page 1 (fetch): 2/2 unresolved
    europe: resolved 5/5 races
  [92/115] 60 m prepone women (indoor, 60-metres-hurdles): 24 athletes / 24 races
    national (has.hr-derived): 24/24 races ranked
      cro/senior page 1 (fetch): 24/24 unresolved
      cro/senior page 2 (fetch): 6/24 unresolved
      cro/u20 page 1 (fetch): 16/16 unresolved
      cro/u20 page 2 (fetch): 4/16 unresolved
      cro/u18 page 1 (fetch): 8/8 unresolved
      cro/u18 page 2 (fetch): 3/8 unresolved
    presence gate (WA cro list): 18/24 athletes recognized
      world/senior page 1 (fetch): 35/35 unresolved
      world/senior page 5 (fetch): 31/35 unresolved
      world/senior page 10 (fetch): 31/35 unresolved
      world/senior page 15 (fetch): 24/35 unresolved
      world/senior page 20 (fetch): 18/35 unresolved
      world/senior page 25 (fetch): 14/35 unresolved
      world/senior page 30 (fetch): 8/35 unresolved
      world/senior page 35 (fetch): 2/35 unresolved
      world/u20 page 1 (fetch): 12/12 unresolved
      world/u20 page 5 (fetch): 9/12 unresolved
      world/u20 page 10 (fetch): 1/12 unresolved
      world/u18 page 1 (fetch): 5/5 unresolved
    world: resolved 18/18 races
      europe/senior page 1 (fetch): 35/35 unresolved
      europe/senior page 5 (fetch): 31/35 unresolved
      europe/senior page 10 (fetch): 24/35 unresolved
      europe/senior page 15 (fetch): 8/35 unresolved
      europe/u20 page 1 (fetch): 12/12 unresolved
      europe/u20 page 5 (fetch): 7/12 unresolved
      europe/u18 page 1 (fetch): 5/5 unresolved
    europe: resolved 18/18 races
  [93/115] Troskok women (indoor, triple-jump): 20 athletes / 20 races
    national (has.hr-derived): 20/20 races ranked
      cro/senior page 1 (fetch): 20/20 unresolved
      cro/senior page 2 (fetch): 3/20 unresolved
      cro/u20 page 1 (fetch): 16/16 unresolved
      cro/u20 page 2 (fetch): 3/16 unresolved
      cro/u18 page 1 (fetch): 8/8 unresolved
      cro/u18 page 2 (fetch): 3/8 unresolved
    presence gate (WA cro list): 19/20 athletes recognized
      world/senior page 1 (fetch): 36/36 unresolved
      world/senior page 5 (fetch): 34/36 unresolved
      world/senior page 10 (fetch): 34/36 unresolved
      world/senior page 15 (fetch): 28/36 unresolved
      world/senior page 20 (fetch): 28/36 unresolved
      world/senior page 25 (fetch): 28/36 unresolved
      world/senior page 30 (fetch): 18/36 unresolved
      world/senior page 35 (fetch): 18/36 unresolved
      world/senior page 40 (fetch): 10/36 unresolved
      world/senior page 45 (fetch): 10/36 unresolved
      world/senior page 50 (fetch): 6/36 unresolved
      world/senior page 55 (fetch): 4/36 unresolved
      world/senior page 59 (fetch): 4/36 unresolved
      world/u20 page 1 (fetch): 15/15 unresolved
      world/u20 page 5 (fetch): 13/15 unresolved
      world/u20 page 10 (fetch): 9/15 unresolved
      world/u20 page 15 (fetch): 8/15 unresolved
      world/u20 page 20 (fetch): 5/15 unresolved
      world/u20 page 25 (fetch): 2/15 unresolved
      world/u20 page 30 (fetch): 2/15 unresolved
      world/u18 page 1 (fetch): 7/7 unresolved
      world/u18 page 5 (fetch): 5/7 unresolved
      world/u18 page 10 (fetch): 4/7 unresolved
      world/u18 page 15 (fetch): 2/7 unresolved
      world/u18 page 18 (fetch): 2/7 unresolved
    world: resolved 17/19 races
      europe/senior page 1 (fetch): 36/36 unresolved
      europe/senior page 5 (fetch): 34/36 unresolved
      europe/senior page 10 (fetch): 28/36 unresolved
      europe/senior page 15 (fetch): 18/36 unresolved
      europe/senior page 20 (fetch): 10/36 unresolved
      europe/senior page 25 (fetch): 4/36 unresolved
      europe/senior page 28 (fetch): 4/36 unresolved
      europe/u20 page 1 (fetch): 15/15 unresolved
      europe/u20 page 5 (fetch): 12/15 unresolved
      europe/u20 page 10 (fetch): 5/15 unresolved
      europe/u20 page 15 (fetch): 3/15 unresolved
      europe/u20 page 18 (fetch): 2/15 unresolved
      europe/u18 page 1 (fetch): 7/7 unresolved
      europe/u18 page 5 (fetch): 4/7 unresolved
      europe/u18 page 10 (fetch): 2/7 unresolved
      europe/u18 page 12 (fetch): 2/7 unresolved
    europe: resolved 17/19 races
  [94/115] Kugla women (indoor, shot-put): 28 athletes / 28 races
    national (has.hr-derived): 28/28 races ranked
      cro/senior page 1 (fetch): 28/28 unresolved
      cro/senior page 2 (fetch): 19/28 unresolved
      cro/u20 page 1 (fetch): 23/23 unresolved
      cro/u20 page 2 (fetch): 19/23 unresolved
      cro/u18 page 1 (fetch): 9/9 unresolved
      cro/u18 page 2 (fetch): 7/9 unresolved
    presence gate (WA cro list): 10/28 athletes recognized
      world/senior page 1 (fetch): 17/17 unresolved
      world/senior page 5 (fetch): 15/17 unresolved
      world/senior page 10 (fetch): 11/17 unresolved
      world/senior page 15 (fetch): 11/17 unresolved
      world/senior page 20 (fetch): 8/17 unresolved
      world/senior page 25 (fetch): 6/17 unresolved
      world/senior page 30 (fetch): 4/17 unresolved
      world/senior page 33 (fetch): 2/17 unresolved
      world/u20 page 1 (fetch): 6/6 unresolved
      world/u20 page 5 (fetch): 3/6 unresolved
      world/u20 page 8 (fetch): 1/6 unresolved
      world/u18 page 1 (fetch): 3/3 unresolved
    world: resolved 9/10 races
      europe/senior page 1 (fetch): 17/17 unresolved
      europe/senior page 5 (fetch): 11/17 unresolved
      europe/senior page 10 (fetch): 6/17 unresolved
      europe/senior page 12 (fetch): 2/17 unresolved
      europe/u20 page 1 (fetch): 6/6 unresolved
      europe/u20 page 4 (fetch): 1/6 unresolved
      europe/u18 page 1 (fetch): 3/3 unresolved
    europe: resolved 9/10 races
  [95/115] 110 m prepone men (outdoor, 110-metres-hurdles): 3 athletes / 3 races
    national (has.hr-derived): 3/3 races ranked
      cro/senior page 1 (fetch): 3/3 unresolved
    presence gate (WA cro list): 3/3 athletes recognized
      world/senior page 1 (fetch): 5/5 unresolved
      world/senior page 5 (fetch): 5/5 unresolved
      world/senior page 10 (fetch): 3/5 unresolved
      world/senior page 15 (fetch): 3/5 unresolved
      world/senior page 20 (fetch): 3/5 unresolved
    world: resolved 3/3 races
      europe/senior page 1 (fetch): 5/5 unresolved
      europe/senior page 5 (fetch): 3/5 unresolved
    europe: resolved 3/3 races
  [96/115] Disk men (outdoor, discus-throw): 17 athletes / 17 races
    national (has.hr-derived): 17/17 races ranked
      cro/senior page 1 (fetch): 17/17 unresolved
      cro/senior page 2 (fetch): 9/17 unresolved
    presence gate (WA cro list): 8/17 athletes recognized
      world/senior page 1 (fetch): 10/10 unresolved
      world/senior page 5 (fetch): 9/10 unresolved
      world/senior page 10 (fetch): 9/10 unresolved
      world/senior page 15 (fetch): 7/10 unresolved
      world/senior page 20 (fetch): 4/10 unresolved
      world/senior page 25 (fetch): 1/10 unresolved
    world: resolved 8/8 races
      europe/senior page 1 (fetch): 10/10 unresolved
      europe/senior page 5 (fetch): 7/10 unresolved
    europe: resolved 8/8 races
  [97/115] 500m men (outdoor, 500-metres): 8 athletes / 8 races
    national (has.hr-derived): 8/8 races ranked
      cro/senior page 1 (fetch): 8/8 unresolved
      cro/senior page 2 (fetch): 6/8 unresolved
      cro/u20 page 1 (fetch): 3/3 unresolved
      cro/u20 page 2 (fetch): 2/3 unresolved
      cro/u18 page 1 (fetch): 1/1 unresolved
      cro/u18 page 2 (fetch): 1/1 unresolved
    presence gate (WA cro list): 2/8 athletes recognized
      world/senior page 1 (fetch): 3/3 unresolved
      world/u20 page 1 (fetch): 1/1 unresolved
    world: resolved 2/2 races
      europe/senior page 1 (fetch): 3/3 unresolved
      europe/u20 page 1 (fetch): 1/1 unresolved
    europe: resolved 2/2 races
  [98/115] Milja men (outdoor, one-mile): 1 athletes / 1 races
    national (has.hr-derived): 1/1 races ranked
      cro/senior page 1 (fetch): 1/1 unresolved
      cro/u20 page 1 (fetch): 1/1 unresolved
      cro/u18 page 1 (fetch): 1/1 unresolved
    presence gate (WA cro list): 0/1 athletes recognized
  [99/115] Polumaraton men (outdoor, half-marathon): 30 athletes / 30 races
    national (has.hr-derived): 30/30 races ranked
      cro/senior page 1 (fetch): 30/30 unresolved
      cro/senior page 2 (fetch): 27/30 unresolved
    presence gate (WA cro list): 3/30 athletes recognized
      world/senior page 1 (fetch): 3/3 unresolved
      world/senior page 5 (fetch): 3/3 unresolved
      world/senior page 10 (fetch): 3/3 unresolved
      world/senior page 15 (fetch): 3/3 unresolved
      world/senior page 20 (fetch): 3/3 unresolved
      world/senior page 25 (fetch): 2/3 unresolved
      world/senior page 30 (fetch): 1/3 unresolved
      world/senior page 35 (fetch): 1/3 unresolved
    world: resolved 3/3 races
      europe/senior page 1 (fetch): 3/3 unresolved
      europe/senior page 5 (fetch): 3/3 unresolved
      europe/senior page 10 (fetch): 1/3 unresolved
      europe/senior page 15 (fetch): 1/3 unresolved
    europe: resolved 3/3 races
  [100/115] Maraton men (outdoor, marathon): 30 athletes / 30 races
    national (has.hr-derived): 30/30 races ranked
      cro/senior page 1 (fetch): 30/30 unresolved
      cro/senior page 2 (fetch): 26/30 unresolved
    presence gate (WA cro list): 4/30 athletes recognized
      world/senior page 1 (fetch): 4/4 unresolved
      world/senior page 5 (fetch): 4/4 unresolved
      world/senior page 10 (fetch): 4/4 unresolved
      world/senior page 15 (fetch): 4/4 unresolved
      world/senior page 20 (fetch): 3/4 unresolved
      world/senior page 25 (fetch): 1/4 unresolved
    world: resolved 4/4 races
      europe/senior page 1 (fetch): 4/4 unresolved
      europe/senior page 5 (fetch): 3/4 unresolved
    europe: resolved 4/4 races
  [101/115] 10000 hodanje men (outdoor, 10000-metres-race-walk): 3 athletes / 3 races
    national (has.hr-derived): 3/3 races ranked
      cro/senior page 1 (fetch): 3/3 unresolved
      cro/senior page 2 (fetch): 1/3 unresolved
    presence gate (WA cro list): 2/3 athletes recognized
      world/senior page 1 (fetch): 3/3 unresolved
      world/senior page 5 (fetch): 2/3 unresolved
    world: resolved 2/2 races
      europe/senior page 1 (fetch): 3/3 unresolved
    europe: resolved 2/2 races
  [102/115] 50m men (indoor, 50-metres): 16 athletes / 16 races
    national (has.hr-derived): 16/16 races ranked
      cro/senior page 1 (fetch): 16/16 unresolved
      cro/senior page 2 (fetch): 9/16 unresolved
      cro/u20 page 1 (fetch): 7/7 unresolved
      cro/u20 page 2 (fetch): 3/7 unresolved
      cro/u18 page 1 (fetch): 1/1 unresolved
    presence gate (WA cro list): 7/16 athletes recognized
      world/senior page 1 (fetch): 13/13 unresolved
      world/u20 page 1 (fetch): 4/4 unresolved
      world/u18 page 1 (fetch): 1/1 unresolved
    world: resolved 7/7 races
      europe/senior page 1 (fetch): 13/13 unresolved
      europe/u20 page 1 (fetch): 4/4 unresolved
      europe/u18 page 1 (fetch): 1/1 unresolved
    europe: resolved 7/7 races
  [103/115] 55m men (indoor, 55-metres): 8 athletes / 8 races
    national (has.hr-derived): 8/8 races ranked
      cro/senior page 1 (fetch): 8/8 unresolved
      cro/senior page 2 (fetch): 3/8 unresolved
      cro/u20 page 1 (fetch): 4/4 unresolved
      cro/u20 page 2 (fetch): 2/4 unresolved
    presence gate (WA cro list): 5/8 athletes recognized
      world/senior page 1 (fetch): 9/9 unresolved
      world/u20 page 1 (fetch): 2/2 unresolved
    world: resolved 5/5 races
      europe/senior page 1 (fetch): 9/9 unresolved
      europe/senior page 2 (fetch): 1/9 unresolved
      europe/u20 page 1 (fetch): 2/2 unresolved
    europe: resolved 5/5 races
  [104/115] 500m men (indoor, 500-metres-short-track): 10 athletes / 10 races
    national (has.hr-derived): 10/10 races ranked
      cro/senior page 1 (fetch): 10/10 unresolved
      cro/senior page 2 (fetch): 3/10 unresolved
      cro/u20 page 1 (fetch): 6/6 unresolved
      cro/u20 page 2 (fetch): 3/6 unresolved
      cro/u18 page 1 (fetch): 3/3 unresolved
      cro/u18 page 2 (fetch): 1/3 unresolved
    presence gate (WA cro list): 7/10 athletes recognized
      world/senior page 1 (fetch): 12/12 unresolved
      world/u20 page 1 (fetch): 3/3 unresolved
      world/u18 page 1 (fetch): 2/2 unresolved
    world: resolved 7/7 races
      europe/senior page 1 (fetch): 12/12 unresolved
      europe/senior page 2 (fetch): 1/12 unresolved
      europe/u20 page 1 (fetch): 3/3 unresolved
      europe/u18 page 1 (fetch): 2/2 unresolved
    europe: resolved 7/7 races
  [105/115] 2000m men (indoor, 2000-metres-short-track): 13 athletes / 13 races
    national (has.hr-derived): 13/13 races ranked
      cro/senior page 1 (fetch): 13/13 unresolved
      cro/senior page 2 (fetch): 12/13 unresolved
      cro/u20 page 1 (fetch): 9/9 unresolved
      cro/u20 page 2 (fetch): 8/9 unresolved
      cro/u18 page 1 (fetch): 6/6 unresolved
      cro/u18 page 2 (fetch): 5/6 unresolved
    presence gate (WA cro list): 1/13 athletes recognized
      world/senior page 1 (fetch): 2/2 unresolved
      world/u20 page 1 (fetch): 1/1 unresolved
      world/u18 page 1 (fetch): 1/1 unresolved
    world: resolved 1/1 races
      europe/senior page 1 (fetch): 2/2 unresolved
      europe/u20 page 1 (fetch): 1/1 unresolved
      europe/u18 page 1 (fetch): 1/1 unresolved
    europe: resolved 1/1 races
  [106/115] 500m women (outdoor, 500-metres): 5 athletes / 5 races
    national (has.hr-derived): 5/5 races ranked
      cro/senior page 1 (fetch): 5/5 unresolved
      cro/u20 page 1 (fetch): 4/4 unresolved
      cro/u18 page 1 (fetch): 1/1 unresolved
    presence gate (WA cro list): 5/5 athletes recognized
      world/senior page 1 (fetch): 10/10 unresolved
      world/u20 page 1 (fetch): 4/4 unresolved
      world/u18 page 1 (fetch): 1/1 unresolved
    world: resolved 5/5 races
      europe/senior page 1 (fetch): 10/10 unresolved
      europe/u20 page 1 (fetch): 4/4 unresolved
      europe/u18 page 1 (fetch): 1/1 unresolved
    europe: resolved 5/5 races
  [107/115] Milja women (outdoor, one-mile): 3 athletes / 3 races
    national (has.hr-derived): 3/3 races ranked
      cro/senior page 1 (fetch): 3/3 unresolved
      cro/senior page 2 (fetch): 1/3 unresolved
    presence gate (WA cro list): 2/3 athletes recognized
      world/senior page 1 (fetch): 3/3 unresolved
      world/senior page 5 (fetch): 3/3 unresolved
      world/senior page 10 (fetch): 2/3 unresolved
      world/senior page 15 (fetch): 2/3 unresolved
      world/senior page 20 (fetch): 2/3 unresolved
      world/senior page 25 (fetch): 2/3 unresolved
    world: resolved 2/2 races
      europe/senior page 1 (fetch): 3/3 unresolved
    europe: resolved 2/2 races
  [108/115] Polumaraton women (outdoor, half-marathon): 30 athletes / 30 races
    national (has.hr-derived): 30/30 races ranked
      cro/senior page 1 (fetch): 30/30 unresolved
      cro/senior page 2 (fetch): 28/30 unresolved
      cro/u20 page 1 (fetch): 1/1 unresolved
    presence gate (WA cro list): 2/30 athletes recognized
      world/senior page 1 (fetch): 2/2 unresolved
      world/senior page 5 (fetch): 2/2 unresolved
      world/senior page 10 (fetch): 1/2 unresolved
    world: resolved 2/2 races
      europe/senior page 1 (fetch): 2/2 unresolved
      europe/senior page 5 (fetch): 1/2 unresolved
    europe: resolved 2/2 races
  [109/115] Maraton women (outdoor, marathon): 31 athletes / 31 races
    national (has.hr-derived): 31/31 races ranked
      cro/senior page 1 (fetch): 31/31 unresolved
      cro/senior page 2 (fetch): 29/31 unresolved
    presence gate (WA cro list): 1/31 athletes recognized
      world/senior page 1 (fetch): 1/1 unresolved
      world/senior page 5 (fetch): 1/1 unresolved
      world/senior page 10 (fetch): 1/1 unresolved
    world: resolved 1/1 races
      europe/senior page 1 (fetch): 1/1 unresolved
    europe: resolved 1/1 races
  [110/115] 50m women (indoor, 50-metres): 10 athletes / 10 races
    national (has.hr-derived): 10/10 races ranked
      cro/senior page 1 (fetch): 10/10 unresolved
      cro/senior page 2 (fetch): 1/10 unresolved
      cro/u20 page 1 (fetch): 7/7 unresolved
      cro/u18 page 1 (fetch): 1/1 unresolved
    presence gate (WA cro list): 8/10 athletes recognized
      world/senior page 1 (fetch): 15/15 unresolved
      world/u20 page 1 (fetch): 6/6 unresolved
      world/u18 page 1 (fetch): 1/1 unresolved
    world: resolved 8/8 races
      europe/senior page 1 (fetch): 15/15 unresolved
      europe/u20 page 1 (fetch): 6/6 unresolved
      europe/u18 page 1 (fetch): 1/1 unresolved
    europe: resolved 8/8 races
  [111/115] 55m women (indoor, 55-metres): 5 athletes / 5 races
    national (has.hr-derived): 5/5 races ranked
      cro/senior page 1 (fetch): 5/5 unresolved
      cro/u20 page 1 (fetch): 2/2 unresolved
      cro/u18 page 1 (fetch): 1/1 unresolved
    presence gate (WA cro list): 5/5 athletes recognized
      world/senior page 1 (fetch): 9/9 unresolved
      world/u20 page 1 (fetch): 2/2 unresolved
      world/u18 page 1 (fetch): 1/1 unresolved
    world: resolved 5/5 races
      europe/senior page 1 (fetch): 9/9 unresolved
      europe/u20 page 1 (fetch): 2/2 unresolved
      europe/u18 page 1 (fetch): 1/1 unresolved
    europe: resolved 5/5 races
  [112/115] 500m women (indoor, 500-metres-short-track): 9 athletes / 9 races
    national (has.hr-derived): 9/9 races ranked
      cro/senior page 1 (fetch): 9/9 unresolved
      cro/senior page 2 (fetch): 1/9 unresolved
      cro/u20 page 1 (fetch): 6/6 unresolved
      cro/u20 page 2 (fetch): 1/6 unresolved
      cro/u18 page 1 (fetch): 3/3 unresolved
    presence gate (WA cro list): 8/9 athletes recognized
      world/senior page 1 (fetch): 15/15 unresolved
      world/u20 page 1 (fetch): 5/5 unresolved
      world/u18 page 1 (fetch): 3/3 unresolved
    world: resolved 8/8 races
      europe/senior page 1 (fetch): 15/15 unresolved
      europe/u20 page 1 (fetch): 5/5 unresolved
      europe/u18 page 1 (fetch): 3/3 unresolved
    europe: resolved 8/8 races
  [113/115] Milja women (indoor, one-mile-short-track): 2 athletes / 2 races
    national (has.hr-derived): 2/2 races ranked
      cro/senior page 1 (fetch): 2/2 unresolved
    presence gate (WA cro list): 2/2 athletes recognized
      world/senior page 1 (fetch): 4/4 unresolved
      world/senior page 5 (fetch): 2/4 unresolved
    world: resolved 2/2 races
      europe/senior page 1 (fetch): 4/4 unresolved
    europe: resolved 2/2 races
  [114/115] 2000m women (indoor, 2000-metres-short-track): 17 athletes / 17 races
    national (has.hr-derived): 17/17 races ranked
      cro/senior page 1 (fetch): 17/17 unresolved
      cro/senior page 2 (fetch): 13/17 unresolved
      cro/u20 page 1 (fetch): 13/13 unresolved
      cro/u20 page 2 (fetch): 12/13 unresolved
      cro/u18 page 1 (fetch): 8/8 unresolved
    presence gate (WA cro list): 4/17 athletes recognized
      world/senior page 1 (fetch): 7/7 unresolved
      world/u20 page 1 (fetch): 1/1 unresolved
    world: resolved 4/4 races
      europe/senior page 1 (fetch): 7/7 unresolved
      europe/u20 page 1 (fetch): 1/1 unresolved
    europe: resolved 4/4 races
  [115/115] 55 m prepone women (indoor, 55-metres-hurdles): 3 athletes / 3 races
    national (has.hr-derived): 3/3 races ranked
      cro/senior page 1 (fetch): 3/3 unresolved
      cro/u20 page 1 (fetch): 2/2 unresolved
      cro/u18 page 1 (fetch): 1/1 unresolved
    presence gate (WA cro list): 3/3 athletes recognized
      world/senior page 1 (fetch): 5/5 unresolved
      world/u20 page 1 (fetch): 2/2 unresolved
      world/u18 page 1 (fetch): 1/1 unresolved
    world: resolved 3/3 races
      europe/senior page 1 (fetch): 5/5 unresolved
      europe/u20 page 1 (fetch): 2/2 unresolved
      europe/u18 page 1 (fetch): 1/1 unresolved
    europe: resolved 3/3 races
Season 2026: wrote ranks for 4224 results.
